2026-09-25T19:39:35.498061469Z	warn	WARNING: CONTAIND_JWT_SECRET is empty (lab mode active)	{"service": "mgmt", "facility": "daemon"}
2026-09-25T19:39:35.500818511Z	info	containd engine starting on :8081	{"service": "engine", "facility": "daemon"}
[GIN-debug] [WARNING] Running in "debug" mode. Switch to "release" mode in production.
 - using env:	export GIN_MODE=release
 - using code:	gin.SetMode(gin.ReleaseMode)

[GIN-debug] GET    /api/v1/health            --> github.com/tonylturner/containd/api/http.healthHandler (6 handlers)
[GIN-debug] GET    /metrics                  --> github.com/tonylturner/containd/api/http.NewServerWithEngineAndServices.WrapH.func4 (5 handlers)
[GIN-debug] POST   /api/v1/auth/login        --> github.com/tonylturner/containd/api/http.NewServerWithEngineAndServices.loginHandler.func6 (7 handlers)
[GIN-debug] POST   /api/v1/auth/login/mfa    --> github.com/tonylturner/containd/api/http.NewServerWithEngineAndServices.loginMFAHandler.func8 (7 handlers)
[GIN-debug] POST   /api/v1/auth/logout       --> github.com/tonylturner/containd/api/http.NewServerWithEngineAndServices.logoutHandler.func9 (6 handlers)
[GIN-debug] GET    /api/v1/auth/me           --> github.com/tonylturner/containd/api/http.meHandler.func1 (8 handlers)
[GIN-debug] GET    /api/v1/auth/session      --> github.com/tonylturner/containd/api/http.NewServerWithEngineAndServices.authSessionHandler.func10 (8 handlers)
[GIN-debug] PATCH  /api/v1/auth/me           --> github.com/tonylturner/containd/api/http.NewServerWithEngineAndServices.updateMeHandler.func11 (8 handlers)
[GIN-debug] POST   /api/v1/auth/me/password  --> github.com/tonylturner/containd/api/http.changeMyPasswordHandler.func1 (9 handlers)
[GIN-debug] POST   /api/v1/auth/me/mfa/enroll --> github.com/tonylturner/containd/api/http.NewServerWithEngineAndServices.enrollMyMFAHandler.func14 (9 handlers)
[GIN-debug] POST   /api/v1/auth/me/mfa/enable --> github.com/tonylturner/containd/api/http.NewServerWithEngineAndServices.enableMyMFAHandler.func16 (9 handlers)
[GIN-debug] POST   /api/v1/auth/me/mfa/disable --> github.com/tonylturner/containd/api/http.NewServerWithEngineAndServices.disableMyMFAHandler.func18 (9 handlers)
[GIN-debug] GET    /api/v1/dashboard         --> github.com/tonylturner/containd/api/http.NewServerWithEngineAndServices.dashboardHandler.func19 (8 handlers)
[GIN-debug] GET    /api/v1/system/stats      --> github.com/tonylturner/containd/api/http.NewServerWithEngineAndServices.systemStatsHandler.func20 (8 handlers)
[GIN-debug] GET    /api/v1/system/inspection --> github.com/tonylturner/containd/api/http.NewServerWithEngineAndServices.systemInspectionHandler.func21 (8 handlers)
[GIN-debug] GET    /api/v1/system/tls        --> github.com/tonylturner/containd/api/http.NewServerWithEngineAndServices.getTLSHandler.func22 (8 handlers)
[GIN-debug] POST   /api/v1/system/tls/cert   --> github.com/tonylturner/containd/api/http.NewServerWithEngineAndServices.setTLSCertHandler.func24 (9 handlers)
[GIN-debug] POST   /api/v1/system/tls/trusted-ca --> github.com/tonylturner/containd/api/http.NewServerWithEngineAndServices.setTrustedCAHandler.func26 (9 handlers)
[GIN-debug] POST   /api/v1/system/factory-reset --> github.com/tonylturner/containd/api/http.NewServerWithEngineAndServices.factoryResetHandler.func29 (10 handlers)
[GIN-debug] GET    /api/v1/config            --> github.com/tonylturner/containd/api/http.NewServerWithEngineAndServices.getConfigHandler.func30 (8 handlers)
[GIN-debug] POST   /api/v1/config            --> github.com/tonylturner/containd/api/http.NewServerWithEngineAndServices.saveConfigHandler.func32 (9 handlers)
[GIN-debug] POST   /api/v1/config/validate   --> github.com/tonylturner/containd/api/http.NewServerWithEngineAndServices.validateConfigHandler.func34 (9 handlers)
[GIN-debug] GET    /api/v1/config/export     --> github.com/tonylturner/containd/api/http.NewServerWithEngineAndServices.exportConfigHandler.func35 (8 handlers)
[GIN-debug] POST   /api/v1/config/import     --> github.com/tonylturner/containd/api/http.NewServerWithEngineAndServices.importConfigHandler.func38 (10 handlers)
[GIN-debug] GET    /api/v1/config/candidate  --> github.com/tonylturner/containd/api/http.NewServerWithEngineAndServices.getCandidateConfigHandler.func39 (8 handlers)
[GIN-debug] POST   /api/v1/config/candidate  --> github.com/tonylturner/containd/api/http.NewServerWithEngineAndServices.saveCandidateConfigHandler.func41 (9 handlers)
[GIN-debug] GET    /api/v1/config/diff       --> github.com/tonylturner/containd/api/http.NewServerWithEngineAndServices.diffConfigHandler.func42 (8 handlers)
[GIN-debug] GET    /api/v1/config/backups    --> github.com/tonylturner/containd/api/http.NewServerWithEngineAndServices.listConfigBackupsHandler.func43 (8 handlers)
[GIN-debug] POST   /api/v1/config/backups    --> github.com/tonylturner/containd/api/http.NewServerWithEngineAndServices.createConfigBackupHandler.func45 (9 handlers)
[GIN-debug] GET    /api/v1/config/backups/:id --> github.com/tonylturner/containd/api/http.NewServerWithEngineAndServices.downloadConfigBackupHandler.func46 (8 handlers)
[GIN-debug] DELETE /api/v1/config/backups/:id --> github.com/tonylturner/containd/api/http.NewServerWithEngineAndServices.deleteConfigBackupHandler.func48 (9 handlers)
[GIN-debug] POST   /api/v1/config/commit     --> github.com/tonylturner/containd/api/http.NewServerWithEngineAndServices.commitConfigHandler.func50 (9 handlers)
[GIN-debug] POST   /api/v1/config/commit_confirmed --> github.com/tonylturner/containd/api/http.NewServerWithEngineAndServices.commitConfirmedHandler.func52 (9 handlers)
[GIN-debug] POST   /api/v1/config/confirm    --> github.com/tonylturner/containd/api/http.NewServerWithEngineAndServices.confirmCommitHandler.func54 (9 handlers)
[GIN-debug] POST   /api/v1/config/rollback   --> github.com/tonylturner/containd/api/http.NewServerWithEngineAndServices.rollbackConfigHandler.func56 (9 handlers)
[GIN-debug] GET    /api/v1/services/syslog   --> github.com/tonylturner/containd/api/http.NewServerWithEngineAndServices.getSyslogHandler.func57 (8 handlers)
[GIN-debug] POST   /api/v1/services/syslog   --> github.com/tonylturner/containd/api/http.NewServerWithEngineAndServices.setSyslogHandler.func59 (9 handlers)
[GIN-debug] PATCH  /api/v1/services/syslog   --> github.com/tonylturner/containd/api/http.NewServerWithEngineAndServices.patchSyslogHandler.func61 (9 handlers)
[GIN-debug] GET    /api/v1/services/dns      --> github.com/tonylturner/containd/api/http.NewServerWithEngineAndServices.getDNSHandler.func62 (8 handlers)
[GIN-debug] POST   /api/v1/services/dns      --> github.com/tonylturner/containd/api/http.NewServerWithEngineAndServices.setDNSHandler.func64 (9 handlers)
[GIN-debug] GET    /api/v1/services/ntp      --> github.com/tonylturner/containd/api/http.NewServerWithEngineAndServices.getNTPHandler.func65 (8 handlers)
[GIN-debug] POST   /api/v1/services/ntp      --> github.com/tonylturner/containd/api/http.NewServerWithEngineAndServices.setNTPHandler.func67 (9 handlers)
[GIN-debug] GET    /api/v1/services/dhcp     --> github.com/tonylturner/containd/api/http.NewServerWithEngineAndServices.getDHCPHandler.func68 (8 handlers)
[GIN-debug] POST   /api/v1/services/dhcp     --> github.com/tonylturner/containd/api/http.NewServerWithEngineAndServices.setDHCPHandler.func70 (9 handlers)
[GIN-debug] GET    /api/v1/services/vpn      --> github.com/tonylturner/containd/api/http.NewServerWithEngineAndServices.getVPNHandler.func71 (8 handlers)
[GIN-debug] POST   /api/v1/services/vpn      --> github.com/tonylturner/containd/api/http.NewServerWithEngineAndServices.setVPNHandler.func73 (9 handlers)
[GIN-debug] POST   /api/v1/services/vpn/openvpn/profile --> github.com/tonylturner/containd/api/http.NewServerWithEngineAndServices.uploadOpenVPNProfileHandler.func75 (9 handlers)
[GIN-debug] GET    /api/v1/services/vpn/openvpn/clients --> github.com/tonylturner/containd/api/http.NewServerWithEngineAndServices.listOpenVPNClientsHandler.func77 (9 handlers)
[GIN-debug] POST   /api/v1/services/vpn/openvpn/clients --> github.com/tonylturner/containd/api/http.NewServerWithEngineAndServices.createOpenVPNClientHandler.func79 (9 handlers)
[GIN-debug] GET    /api/v1/services/vpn/openvpn/clients/:name --> github.com/tonylturner/containd/api/http.NewServerWithEngineAndServices.downloadOpenVPNClientHandler.func81 (9 handlers)
[GIN-debug] GET    /api/v1/services/vpn/wireguard/status --> github.com/tonylturner/containd/api/http.NewServerWithEngineAndServices.getWireGuardStatusHandler.func82 (8 handlers)
[GIN-debug] GET    /api/v1/services/av       --> github.com/tonylturner/containd/api/http.NewServerWithEngineAndServices.getAVHandler.func83 (8 handlers)
[GIN-debug] POST   /api/v1/services/av       --> github.com/tonylturner/containd/api/http.NewServerWithEngineAndServices.setAVHandler.func85 (9 handlers)
[GIN-debug] POST   /api/v1/services/av/update --> github.com/tonylturner/containd/api/http.NewServerWithEngineAndServices.triggerAVUpdateHandler.func87 (9 handlers)
[GIN-debug] GET    /api/v1/services/av/defs  --> github.com/tonylturner/containd/api/http.NewServerWithEngineAndServices.listAVDefsHandler.func88 (8 handlers)
[GIN-debug] POST   /api/v1/services/av/defs  --> github.com/tonylturner/containd/api/http.NewServerWithEngineAndServices.uploadAVDefHandler.func90 (9 handlers)
[GIN-debug] DELETE /api/v1/services/av/defs  --> github.com/tonylturner/containd/api/http.NewServerWithEngineAndServices.deleteAVDefHandler.func92 (9 handlers)
[GIN-debug] GET    /api/v1/services/proxy/forward --> github.com/tonylturner/containd/api/http.NewServerWithEngineAndServices.getForwardProxyHandler.func93 (8 handlers)
[GIN-debug] POST   /api/v1/services/proxy/forward --> github.com/tonylturner/containd/api/http.NewServerWithEngineAndServices.setForwardProxyHandler.func95 (9 handlers)
[GIN-debug] GET    /api/v1/services/proxy/reverse --> github.com/tonylturner/containd/api/http.NewServerWithEngineAndServices.getReverseProxyHandler.func96 (8 handlers)
[GIN-debug] POST   /api/v1/services/proxy/reverse --> github.com/tonylturner/containd/api/http.NewServerWithEngineAndServices.setReverseProxyHandler.func98 (9 handlers)
[GIN-debug] GET    /api/v1/services/status   --> github.com/tonylturner/containd/api/http.NewServerWithEngineAndServices.getServicesStatusHandler.func99 (8 handlers)
[GIN-debug] GET    /api/v1/events            --> github.com/tonylturner/containd/api/http.NewServerWithEngineAndServices.listEventsHandler.func100 (8 handlers)
[GIN-debug] GET    /api/v1/events/:id        --> github.com/tonylturner/containd/api/http.NewServerWithEngineAndServices.eventDetailHandler.func101 (8 handlers)
[GIN-debug] GET    /api/v1/flows             --> github.com/tonylturner/containd/api/http.NewServerWithEngineAndServices.listFlowsHandler.func102 (8 handlers)
[GIN-debug] GET    /api/v1/simulation        --> github.com/tonylturner/containd/api/http.NewServerWithEngineAndServices.simulationStatusHandler.func103 (8 handlers)
[GIN-debug] POST   /api/v1/simulation        --> github.com/tonylturner/containd/api/http.NewServerWithEngineAndServices.simulationControlHandler.func105 (9 handlers)
[GIN-debug] GET    /api/v1/stats/protocols   --> github.com/tonylturner/containd/api/http.NewServerWithEngineAndServices.protoStatsHandler.func106 (8 handlers)
[GIN-debug] GET    /api/v1/stats/top-talkers --> github.com/tonylturner/containd/api/http.NewServerWithEngineAndServices.topTalkersHandler.func107 (8 handlers)
[GIN-debug] GET    /api/v1/anomalies         --> github.com/tonylturner/containd/api/http.NewServerWithEngineAndServices.listAnomaliesHandler.func108 (8 handlers)
[GIN-debug] DELETE /api/v1/anomalies         --> github.com/tonylturner/containd/api/http.NewServerWithEngineAndServices.clearAnomaliesHandler.func110 (9 handlers)
[GIN-debug] GET    /api/v1/conntrack         --> github.com/tonylturner/containd/api/http.NewServerWithEngineAndServices.listConntrackHandler.func111 (8 handlers)
[GIN-debug] POST   /api/v1/conntrack/kill    --> github.com/tonylturner/containd/api/http.NewServerWithEngineAndServices.killConntrackHandler.func113 (9 handlers)
[GIN-debug] GET    /api/v1/dhcp/leases       --> github.com/tonylturner/containd/api/http.NewServerWithEngineAndServices.dhcpLeasesHandler.func114 (8 handlers)
[GIN-debug] GET    /api/v1/dataplane         --> github.com/tonylturner/containd/api/http.NewServerWithEngineAndServices.getDataPlaneHandler.func115 (8 handlers)
[GIN-debug] POST   /api/v1/dataplane         --> github.com/tonylturner/containd/api/http.NewServerWithEngineAndServices.setDataPlaneHandler.func117 (9 handlers)
[GIN-debug] GET    /api/v1/dataplane/ruleset --> github.com/tonylturner/containd/api/http.NewServerWithEngineAndServices.getRulesetPreviewHandler.func119 (9 handlers)
[GIN-debug] POST   /api/v1/dataplane/blocks/host --> github.com/tonylturner/containd/api/http.NewServerWithEngineAndServices.blockHostHandler.func121 (9 handlers)
[GIN-debug] POST   /api/v1/dataplane/blocks/flow --> github.com/tonylturner/containd/api/http.NewServerWithEngineAndServices.blockFlowHandler.func123 (9 handlers)
[GIN-debug] GET    /api/v1/pcap/config       --> github.com/tonylturner/containd/api/http.NewServerWithEngineAndServices.getPCAPConfigHandler.func124 (8 handlers)
[GIN-debug] POST   /api/v1/pcap/config       --> github.com/tonylturner/containd/api/http.NewServerWithEngineAndServices.setPCAPConfigHandler.func126 (9 handlers)
[GIN-debug] POST   /api/v1/pcap/start        --> github.com/tonylturner/containd/api/http.NewServerWithEngineAndServices.startPCAPHandler.func128 (9 handlers)
[GIN-debug] POST   /api/v1/pcap/stop         --> github.com/tonylturner/containd/api/http.NewServerWithEngineAndServices.stopPCAPHandler.func130 (9 handlers)
[GIN-debug] GET    /api/v1/pcap/status       --> github.com/tonylturner/containd/api/http.NewServerWithEngineAndServices.getPCAPStatusHandler.func131 (8 handlers)
[GIN-debug] GET    /api/v1/pcap/list         --> github.com/tonylturner/containd/api/http.NewServerWithEngineAndServices.getPCAPListHandler.func132 (8 handlers)
[GIN-debug] POST   /api/v1/pcap/upload       --> github.com/tonylturner/containd/api/http.NewServerWithEngineAndServices.uploadPCAPHandler.func134 (9 handlers)
[GIN-debug] GET    /api/v1/pcap/download/:name --> github.com/tonylturner/containd/api/http.NewServerWithEngineAndServices.downloadPCAPHandler.func135 (8 handlers)
[GIN-debug] DELETE /api/v1/pcap/:name        --> github.com/tonylturner/containd/api/http.NewServerWithEngineAndServices.deletePCAPHandler.func137 (9 handlers)
[GIN-debug] POST   /api/v1/pcap/tag          --> github.com/tonylturner/containd/api/http.NewServerWithEngineAndServices.tagPCAPHandler.func139 (9 handlers)
[GIN-debug] POST   /api/v1/pcap/replay       --> github.com/tonylturner/containd/api/http.NewServerWithEngineAndServices.replayPCAPHandler.func141 (9 handlers)
[GIN-debug] POST   /api/v1/pcap/analyze      --> github.com/tonylturner/containd/api/http.NewServerWithEngineAndServices.analyzePCAPUploadHandler.func143 (9 handlers)
[GIN-debug] POST   /api/v1/pcap/analyze/:name --> github.com/tonylturner/containd/api/http.NewServerWithEngineAndServices.analyzePCAPNameHandler.func145 (9 handlers)
[GIN-debug] GET    /api/v1/inventory         --> github.com/tonylturner/containd/api/http.NewServerWithEngineAndServices.listInventoryHandler.func146 (8 handlers)
[GIN-debug] GET    /api/v1/inventory/:ip     --> github.com/tonylturner/containd/api/http.NewServerWithEngineAndServices.getInventoryAssetHandler.func147 (8 handlers)
[GIN-debug] DELETE /api/v1/inventory         --> github.com/tonylturner/containd/api/http.NewServerWithEngineAndServices.clearInventoryHandler.func149 (9 handlers)
[GIN-debug] GET    /api/v1/signatures        --> github.com/tonylturner/containd/api/http.NewServerWithEngineAndServices.listSignaturesHandler.func150 (8 handlers)
[GIN-debug] POST   /api/v1/signatures        --> github.com/tonylturner/containd/api/http.NewServerWithEngineAndServices.addSignatureHandler.func152 (9 handlers)
[GIN-debug] DELETE /api/v1/signatures/:id    --> github.com/tonylturner/containd/api/http.NewServerWithEngineAndServices.deleteSignatureHandler.func154 (9 handlers)
[GIN-debug] GET    /api/v1/signatures/matches --> github.com/tonylturner/containd/api/http.NewServerWithEngineAndServices.listSignatureMatchesHandler.func155 (8 handlers)
[GIN-debug] GET    /api/v1/assets            --> github.com/tonylturner/containd/api/http.NewServerWithEngineAndServices.listAssetsHandler.func156 (8 handlers)
[GIN-debug] POST   /api/v1/assets            --> github.com/tonylturner/containd/api/http.NewServerWithEngineAndServices.createAssetHandler.func158 (9 handlers)
[GIN-debug] PATCH  /api/v1/assets/:id        --> github.com/tonylturner/containd/api/http.NewServerWithEngineAndServices.updateAssetHandler.func160 (9 handlers)
[GIN-debug] DELETE /api/v1/assets/:id        --> github.com/tonylturner/containd/api/http.NewServerWithEngineAndServices.deleteAssetHandler.func162 (9 handlers)
[GIN-debug] GET    /api/v1/objects           --> github.com/tonylturner/containd/api/http.NewServerWithEngineAndServices.listObjectsHandler.func163 (8 handlers)
[GIN-debug] POST   /api/v1/objects           --> github.com/tonylturner/containd/api/http.NewServerWithEngineAndServices.createObjectHandler.func165 (9 handlers)
[GIN-debug] PATCH  /api/v1/objects/:id       --> github.com/tonylturner/containd/api/http.NewServerWithEngineAndServices.updateObjectHandler.func167 (9 handlers)
[GIN-debug] DELETE /api/v1/objects/:id       --> github.com/tonylturner/containd/api/http.NewServerWithEngineAndServices.deleteObjectHandler.func169 (9 handlers)
[GIN-debug] GET    /api/v1/zones             --> github.com/tonylturner/containd/api/http.NewServerWithEngineAndServices.listZonesHandler.func170 (8 handlers)
[GIN-debug] POST   /api/v1/zones             --> github.com/tonylturner/containd/api/http.NewServerWithEngineAndServices.createZoneHandler.func172 (9 handlers)
[GIN-debug] PATCH  /api/v1/zones/:name       --> github.com/tonylturner/containd/api/http.NewServerWithEngineAndServices.updateZoneHandler.func174 (9 handlers)
[GIN-debug] DELETE /api/v1/zones/:name       --> github.com/tonylturner/containd/api/http.NewServerWithEngineAndServices.deleteZoneHandler.func176 (9 handlers)
[GIN-debug] GET    /api/v1/interfaces        --> github.com/tonylturner/containd/api/http.NewServerWithEngineAndServices.listInterfacesHandler.func177 (8 handlers)
[GIN-debug] GET    /api/v1/interfaces/state  --> github.com/tonylturner/containd/api/http.NewServerWithEngineAndServices.interfaceStateHandler.func178 (8 handlers)
[GIN-debug] POST   /api/v1/interfaces/assign --> github.com/tonylturner/containd/api/http.NewServerWithEngineAndServices.interfacesAssignHandler.func180 (9 handlers)
[GIN-debug] POST   /api/v1/interfaces/reconcile --> github.com/tonylturner/containd/api/http.NewServerWithEngineAndServices.interfacesReconcileHandler.func182 (9 handlers)
[GIN-debug] POST   /api/v1/interfaces        --> github.com/tonylturner/containd/api/http.NewServerWithEngineAndServices.createInterfaceHandler.func184 (9 handlers)
[GIN-debug] PATCH  /api/v1/interfaces/:name  --> github.com/tonylturner/containd/api/http.NewServerWithEngineAndServices.updateInterfaceHandler.func186 (9 handlers)
[GIN-debug] DELETE /api/v1/interfaces/:name  --> github.com/tonylturner/containd/api/http.NewServerWithEngineAndServices.deleteInterfaceHandler.func188 (9 handlers)
[GIN-debug] GET    /api/v1/routing           --> github.com/tonylturner/containd/api/http.NewServerWithEngineAndServices.getRoutingHandler.func189 (8 handlers)
[GIN-debug] GET    /api/v1/routing/os        --> github.com/tonylturner/containd/api/http.NewServerWithEngineAndServices.getOSRoutingHandler.func190 (8 handlers)
[GIN-debug] POST   /api/v1/routing           --> github.com/tonylturner/containd/api/http.NewServerWithEngineAndServices.setRoutingHandler.func192 (9 handlers)
[GIN-debug] POST   /api/v1/routing/reconcile --> github.com/tonylturner/containd/api/http.NewServerWithEngineAndServices.routingReconcileHandler.func194 (9 handlers)
[GIN-debug] GET    /api/v1/firewall/nat      --> github.com/tonylturner/containd/api/http.NewServerWithEngineAndServices.getFirewallNATHandler.func195 (8 handlers)
[GIN-debug] POST   /api/v1/firewall/nat      --> github.com/tonylturner/containd/api/http.NewServerWithEngineAndServices.setFirewallNATHandler.func197 (9 handlers)
[GIN-debug] GET    /api/v1/firewall/rules    --> github.com/tonylturner/containd/api/http.NewServerWithEngineAndServices.listFirewallRulesHandler.func198 (8 handlers)
[GIN-debug] POST   /api/v1/firewall/rules    --> github.com/tonylturner/containd/api/http.NewServerWithEngineAndServices.createFirewallRuleHandler.func200 (9 handlers)
[GIN-debug] PATCH  /api/v1/firewall/rules/:id --> github.com/tonylturner/containd/api/http.NewServerWithEngineAndServices.updateFirewallRuleHandler.func202 (9 handlers)
[GIN-debug] DELETE /api/v1/firewall/rules/:id --> github.com/tonylturner/containd/api/http.NewServerWithEngineAndServices.deleteFirewallRuleHandler.func204 (9 handlers)
[GIN-debug] POST   /api/v1/firewall/rules/preview --> github.com/tonylturner/containd/api/http.NewServerWithEngineAndServices.previewFirewallRuleHandler.func206 (9 handlers)
[GIN-debug] GET    /api/v1/firewall/ics-rules --> github.com/tonylturner/containd/api/http.NewServerWithEngineAndServices.listICSRulesHandler.func207 (8 handlers)
[GIN-debug] POST   /api/v1/firewall/ics-rules --> github.com/tonylturner/containd/api/http.NewServerWithEngineAndServices.createICSRuleHandler.func209 (9 handlers)
[GIN-debug] PATCH  /api/v1/firewall/ics-rules/:id --> github.com/tonylturner/containd/api/http.NewServerWithEngineAndServices.updateICSRuleHandler.func211 (9 handlers)
[GIN-debug] GET    /api/v1/learn/profiles    --> github.com/tonylturner/containd/api/http.NewServerWithEngineAndServices.learnProfilesHandler.func212 (8 handlers)
[GIN-debug] POST   /api/v1/learn/generate    --> github.com/tonylturner/containd/api/http.NewServerWithEngineAndServices.learnGenerateHandler.func214 (9 handlers)
[GIN-debug] POST   /api/v1/learn/apply       --> github.com/tonylturner/containd/api/http.NewServerWithEngineAndServices.learnApplyHandler.func216 (9 handlers)
[GIN-debug] DELETE /api/v1/learn             --> github.com/tonylturner/containd/api/http.NewServerWithEngineAndServices.learnClearHandler.func218 (9 handlers)
[GIN-debug] GET    /api/v1/security/conduits --> github.com/tonylturner/containd/api/http.NewServerWithEngineAndServices.securityConduitsHandler.func219 (8 handlers)
[GIN-debug] GET    /api/v1/ids/rules         --> github.com/tonylturner/containd/api/http.NewServerWithEngineAndServices.getIDSHandler.func220 (8 handlers)
[GIN-debug] POST   /api/v1/ids/rules         --> github.com/tonylturner/containd/api/http.NewServerWithEngineAndServices.setIDSHandler.func222 (9 handlers)
[GIN-debug] POST   /api/v1/ids/convert/sigma --> github.com/tonylturner/containd/api/http.NewServerWithEngineAndServices.convertSigmaHandler.func223 (8 handlers)
[GIN-debug] POST   /api/v1/ids/import        --> github.com/tonylturner/containd/api/http.NewServerWithEngineAndServices.idsImportHandler.func225 (9 handlers)
[GIN-debug] POST   /api/v1/ids/export        --> github.com/tonylturner/containd/api/http.NewServerWithEngineAndServices.idsExportHandler.func226 (8 handlers)
[GIN-debug] GET    /api/v1/ids/sources       --> github.com/tonylturner/containd/api/http.NewServerWithEngineAndServices.idsSourcesHandler.func227 (8 handlers)
[GIN-debug] GET    /api/v1/ids/backup        --> github.com/tonylturner/containd/api/http.NewServerWithEngineAndServices.idsBackupHandler.func228 (8 handlers)
[GIN-debug] POST   /api/v1/ids/restore       --> github.com/tonylturner/containd/api/http.NewServerWithEngineAndServices.idsRestoreHandler.func230 (9 handlers)
[GIN-debug] POST   /api/v1/cli/execute       --> github.com/tonylturner/containd/api/http.NewServerWithEngineAndServices.cliExecuteHandler.func231 (8 handlers)
[GIN-debug] GET    /api/v1/cli/commands      --> github.com/tonylturner/containd/api/http.NewServerWithEngineAndServices.cliCommandsHandler.func232 (8 handlers)
[GIN-debug] GET    /api/v1/cli/complete      --> github.com/tonylturner/containd/api/http.NewServerWithEngineAndServices.cliCompleteHandler.func233 (8 handlers)
[GIN-debug] GET    /api/v1/cli/ws            --> github.com/tonylturner/containd/api/http.NewServerWithEngineAndServices.cliWSHandler.func235 (8 handlers)
[GIN-debug] GET    /api/v1/users             --> github.com/tonylturner/containd/api/http.NewServerWithEngineAndServices.listUsersHandler.func237 (9 handlers)
[GIN-debug] POST   /api/v1/users             --> github.com/tonylturner/containd/api/http.NewServerWithEngineAndServices.createUserHandler.func240 (10 handlers)
[GIN-debug] PATCH  /api/v1/users/:id         --> github.com/tonylturner/containd/api/http.NewServerWithEngineAndServices.updateUserHandler.func243 (10 handlers)
[GIN-debug] POST   /api/v1/users/:id/password --> github.com/tonylturner/containd/api/http.setUserPasswordHandler.func1 (10 handlers)
[GIN-debug] POST   /api/v1/users/:id/mfa/disable --> github.com/tonylturner/containd/api/http.NewServerWithEngineAndServices.disableUserMFAHandler.func248 (10 handlers)
[GIN-debug] POST   /api/v1/users/:id/mfa/require --> github.com/tonylturner/containd/api/http.NewServerWithEngineAndServices.requireUserMFAHandler.func251 (10 handlers)
[GIN-debug] POST   /api/v1/users/:id/mfa/clear --> github.com/tonylturner/containd/api/http.NewServerWithEngineAndServices.clearUserMFARequirementHandler.func254 (10 handlers)
[GIN-debug] POST   /api/v1/users/:id/mfa/grace --> github.com/tonylturner/containd/api/http.NewServerWithEngineAndServices.extendUserMFAGraceHandler.func257 (10 handlers)
[GIN-debug] DELETE /api/v1/users/:id         --> github.com/tonylturner/containd/api/http.NewServerWithEngineAndServices.deleteUserHandler.func260 (10 handlers)
[GIN-debug] GET    /api/v1/audit             --> github.com/tonylturner/containd/api/http.auditHandlers.func1 (8 handlers)
[GIN-debug] GET    /api/v1/templates         --> github.com/tonylturner/containd/api/http.NewServerWithEngineAndServices.listTemplatesHandler.func261 (8 handlers)
[GIN-debug] POST   /api/v1/templates/apply   --> github.com/tonylturner/containd/api/http.NewServerWithEngineAndServices.applyTemplateHandler.func263 (9 handlers)
[GIN-debug] GET    /api/v1/templates/ics     --> github.com/tonylturner/containd/api/http.listICSTemplatesHandler.func1 (8 handlers)
[GIN-debug] POST   /api/v1/templates/ics/apply --> github.com/tonylturner/containd/api/http.NewServerWithEngineAndServices.applyICSTemplateHandler.func265 (9 handlers)
[GIN-debug] GET    /api/v1/identities        --> github.com/tonylturner/containd/api/http.NewServerWithEngineAndServices.listIdentitiesHandler.func266 (8 handlers)
[GIN-debug] POST   /api/v1/identities        --> github.com/tonylturner/containd/api/http.NewServerWithEngineAndServices.setIdentityHandler.func268 (9 handlers)
[GIN-debug] DELETE /api/v1/identities/:ip    --> github.com/tonylturner/containd/api/http.NewServerWithEngineAndServices.deleteIdentityHandler.func270 (9 handlers)
{"level":"info","ts":"2026-09-25T19:39:35.528601553Z","msg":"applied syslog config","service":"syslog","facility":"syslog","forwarders":0,"format":"rfc5424"}
{"level":"info","ts":"2026-09-25T19:39:35.529875136Z","msg":"av event","service":"av","facility":"av","kind":"service.av.updated","attrs":{"enabled":false,"mode":""}}
[GIN-debug] GET    /                         --> github.com/tonylturner/containd/pkg/app/mgmt.serveStaticUI.func1 (5 handlers)
2026-09-25T19:39:35.531107386Z	info	ssh enabled on :2222 (admin only)	{"service": "mgmt", "facility": "daemon"}
2026-09-25T19:39:35.531121219Z	info	------------------------------------------------------------	{"service": "mgmt", "facility": "daemon"}
2026-09-25T19:39:35.531122636Z	info	containd access	{"service": "mgmt", "facility": "daemon"}
2026-09-25T19:39:35.531123719Z	info	UI/API (HTTP):  http://localhost:18080	{"service": "mgmt", "facility": "daemon"}
2026-09-25T19:39:35.531124844Z	info	UI/API (HTTPS): https://localhost:18443 (self-signed by default)	{"service": "mgmt", "facility": "daemon"}
2026-09-25T19:39:35.531125844Z	info	SSH CLI: ssh -p 2222 containd@localhost	{"service": "mgmt", "facility": "daemon"}
2026-09-25T19:39:35.531126428Z	info	         then type: wizard or menu	{"service": "mgmt", "facility": "daemon"}
2026-09-25T19:39:35.531393969Z	info	Container IPs: 172.31.0.2, 172.30.0.2	{"service": "mgmt", "facility": "daemon"}
2026-09-25T19:39:35.531406094Z	info	UI/API via IP (HTTP):  http://172.31.0.2:18080	{"service": "mgmt", "facility": "daemon"}
2026-09-25T19:39:35.531407844Z	info	SSH via IP:    ssh -p 2222 containd@172.31.0.2	{"service": "mgmt", "facility": "daemon"}
2026-09-25T19:39:35.531408636Z	info	UI/API via IP (HTTP):  http://172.30.0.2:18080	{"service": "mgmt", "facility": "daemon"}
2026-09-25T19:39:35.531409344Z	info	SSH via IP:    ssh -p 2222 containd@172.30.0.2	{"service": "mgmt", "facility": "daemon"}
2026-09-25T19:39:35.531410053Z	info	Initial login: username=containd password=containd (change immediately)	{"service": "mgmt", "facility": "daemon"}
2026-09-25T19:39:35.531411886Z	info	Production note: add SSH key and disable password auth after provisioning.	{"service": "mgmt", "facility": "daemon"}
2026-09-25T19:39:35.531412803Z	info	  - CONTAIND_SSH_BOOTSTRAP_ADMIN_KEY="ssh-ed25519 AAAA..."	{"service": "mgmt", "facility": "daemon"}
2026-09-25T19:39:35.531413678Z	info	Tip: docker compose logs -f containd	{"service": "mgmt", "facility": "daemon"}
2026-09-25T19:39:35.531414303Z	info	------------------------------------------------------------	{"service": "mgmt", "facility": "daemon"}
2026-09-25T19:39:35.532985844Z	info	ssh listening on :2222	{"service": "ssh", "facility": "daemon"}
[GIN] 2026/09/25 - 19:39:40 | 200 |      46.458µs |       127.0.0.1 | GET      "/api/v1/health"
[GIN] 2026/09/25 - 19:40:10 | 200 |      30.083µs |       127.0.0.1 | GET      "/api/v1/health"
[GIN] 2026/09/25 - 19:40:31 | 200 |      18.625µs |    192.168.65.1 | GET      "/api/v1/health"
[GIN] 2026/09/25 - 19:40:31 | 200 |    1.031042ms |    192.168.65.1 | GET      "/api/v1/interfaces/state"
[GIN] 2026/09/25 - 19:40:31 | 200 |     432.333µs |    192.168.65.1 | GET      "/api/v1/config"
[GIN] 2026/09/25 - 19:40:31 | 200 |    5.275375ms |    192.168.65.1 | POST     "/api/v1/config"
[GIN] 2026/09/25 - 19:40:31 | 200 |       677.5µs |    192.168.65.1 | GET      "/api/v1/dataplane/ruleset"
[GIN] 2026/09/25 - 19:40:31 | 200 |      22.208µs |    192.168.65.1 | GET      "/api/v1/health"
[GIN] 2026/09/25 - 19:40:40 | 200 |       30.75µs |       127.0.0.1 | GET      "/api/v1/health"
[GIN] 2026/09/25 - 19:40:47 | 200 |     355.833µs |    192.168.65.1 | GET      "/api/v1/config"
[GIN] 2026/09/25 - 19:40:47 | 200 |     1.17125ms |    192.168.65.1 | POST     "/api/v1/config/candidate"
{"level":"info","ts":"2026-09-25T19:40:47.913557836Z","msg":"applied syslog config","service":"syslog","facility":"syslog","forwarders":0,"format":"rfc5424"}
{"level":"info","ts":"2026-09-25T19:40:47.914318003Z","msg":"av event","service":"av","facility":"av","kind":"service.av.updated","attrs":{"enabled":false,"mode":""}}
[GIN] 2026/09/25 - 19:40:47 | 200 |   52.073292ms |    192.168.65.1 | POST     "/api/v1/config/commit"
[GIN] 2026/09/25 - 19:41:10 | 200 |      58.167µs |       127.0.0.1 | GET      "/api/v1/health"
[GIN] 2026/09/25 - 19:41:32 | 200 |      13.958µs |    192.168.65.1 | GET      "/api/v1/health"
[GIN] 2026/09/25 - 19:41:40 | 200 |       36.25µs |       127.0.0.1 | GET      "/api/v1/health"
[GIN] 2026/09/25 - 19:42:10 | 200 |      33.042µs |       127.0.0.1 | GET      "/api/v1/health"
[GIN] 2026/09/25 - 19:42:27 | 200 |      972.75µs |    192.168.65.1 | GET      "/api/v1/config"
[GIN] 2026/09/25 - 19:42:40 | 200 |      29.833µs |       127.0.0.1 | GET      "/api/v1/health"
[GIN] 2026/09/25 - 19:43:08 | 200 |         227µs |    192.168.65.1 | POST     "/api/v1/config/validate"
[GIN] 2026/09/25 - 19:43:10 | 200 |      35.542µs |       127.0.0.1 | GET      "/api/v1/health"
[GIN] 2026/09/25 - 19:43:16 | 200 |     752.416µs |    192.168.65.1 | GET      "/api/v1/config"
SIGQUIT: quit
PC=0x9353c m=0 sigcode=0

goroutine 0 gp=0x153f360 m=0 mp=0x1541180 [idle]:
runtime.futex(0x15412d0, 0x80, 0x0, 0x0, 0x0, 0x0)
	runtime/sys_linux_arm64.s:651 +0x1c fp=0xfffff5dabb60 sp=0xfffff5dabb60 pc=0x9353c
runtime.futexsleep(0x153f360?, 0x153f360?, 0xfffff5dabbe8?)
	runtime/os_linux.go:76 +0x28 fp=0xfffff5dabbb0 sp=0xfffff5dabb60 pc=0x50098
runtime.notesleep(0x15412d0)
	runtime/lock_futex.go:47 +0x8c fp=0xfffff5dabbf0 sp=0xfffff5dabbb0 pc=0x27c6c
runtime.mPark(...)
	runtime/proc.go:1974
runtime.stoplockedm()
	runtime/proc.go:3268 +0x64 fp=0xfffff5dabc50 sp=0xfffff5dabbf0 pc=0x5bfc4
runtime.schedule()
	runtime/proc.go:4131 +0x34 fp=0xfffff5dabc90 sp=0xfffff5dabc50 pc=0x5ea64
runtime.park_m(0x4000003a40)
	runtime/proc.go:4280 +0x2ac fp=0xfffff5dabcf0 sp=0xfffff5dabc90 pc=0x5ef9c
runtime.mcall()
	runtime/asm_arm64.s:241 +0x54 fp=0xfffff5dabd00 sp=0xfffff5dabcf0 pc=0x8fcf4

goroutine 1 gp=0x40000021c0 m=nil [select, 4 minutes]:
runtime.gopark(0x40000b5e00?, 0x2?, 0x68?, 0x5c?, 0x40000b5dbc?)
	runtime/proc.go:460 +0xc0 fp=0x40000ecc30 sp=0x40000ecc10 pc=0x8a190
runtime.selectgo(0x40000ece00, 0x40000b5db8, 0x4000000001?, 0x0, 0x40000b5db8?, 0x1)
	runtime/select.go:351 +0x6bc fp=0x40000ecd70 sp=0x40000ecc30 pc=0x69d9c
main.runAll({0xd84250?, 0x4000624740?})
	github.com/tonylturner/containd/cmd/containd/main.go:263 +0x148 fp=0x40000ece40 sp=0x40000ecd70 pc=0x98dc48
main.main()
	github.com/tonylturner/containd/cmd/containd/main.go:65 +0x22c fp=0x40000ecf40 sp=0x40000ece40 pc=0x98c45c
runtime.main()
	runtime/proc.go:285 +0x278 fp=0x40000ecfd0 sp=0x40000ecf40 pc=0x56508
runtime.goexit({})
	runtime/asm_arm64.s:1268 +0x4 fp=0x40000ecfd0 sp=0x40000ecfd0 pc=0x920c4

goroutine 2 gp=0x4000002700 m=nil [force gc (idle), 2 minutes]:
runtime.gopark(0x2a81d6e6687de?, 0x0?, 0x0?, 0x0?, 0x0?)
	runtime/proc.go:460 +0xc0 fp=0x4000084f90 sp=0x4000084f70 pc=0x8a190
runtime.goparkunlock(...)
	runtime/proc.go:466
runtime.forcegchelper()
	runtime/proc.go:373 +0xb4 fp=0x4000084fd0 sp=0x4000084f90 pc=0x56854
runtime.goexit({})
	runtime/asm_arm64.s:1268 +0x4 fp=0x4000084fd0 sp=0x4000084fd0 pc=0x920c4
created by runtime.init.7 in goroutine 1
	runtime/proc.go:361 +0x24

goroutine 3 gp=0x4000002c40 m=nil [GC sweep wait]:
runtime.gopark(0x1?, 0x0?, 0x0?, 0x0?, 0x0?)
	runtime/proc.go:460 +0xc0 fp=0x4000085760 sp=0x4000085740 pc=0x8a190
runtime.goparkunlock(...)
	runtime/proc.go:466
runtime.bgsweep(0x40000a0000)
	runtime/mgcsweep.go:323 +0x104 fp=0x40000857b0 sp=0x4000085760 pc=0x3fb94
runtime.gcenable.gowrap1()
	runtime/mgc.go:212 +0x28 fp=0x40000857d0 sp=0x40000857b0 pc=0x33818
runtime.goexit({})
	runtime/asm_arm64.s:1268 +0x4 fp=0x40000857d0 sp=0x40000857d0 pc=0x920c4
created by runtime.gcenable in goroutine 1
	runtime/mgc.go:212 +0x6c

goroutine 4 gp=0x4000002e00 m=nil [GC scavenge wait]:
runtime.gopark(0x3f87d6?, 0x3c6d17?, 0x0?, 0x0?, 0x0?)
	runtime/proc.go:460 +0xc0 fp=0x4000085f60 sp=0x4000085f40 pc=0x8a190
runtime.goparkunlock(...)
	runtime/proc.go:466
runtime.(*scavengerState).park(0x153ebc0)
	runtime/mgcscavenge.go:425 +0x5c fp=0x4000085f90 sp=0x4000085f60 pc=0x3d6dc
runtime.bgscavenge(0x40000a0000)
	runtime/mgcscavenge.go:658 +0xac fp=0x4000085fb0 sp=0x4000085f90 pc=0x3dc5c
runtime.gcenable.gowrap2()
	runtime/mgc.go:213 +0x28 fp=0x4000085fd0 sp=0x4000085fb0 pc=0x337b8
runtime.goexit({})
	runtime/asm_arm64.s:1268 +0x4 fp=0x4000085fd0 sp=0x4000085fd0 pc=0x920c4
created by runtime.gcenable in goroutine 1
	runtime/mgc.go:213 +0xac

goroutine 17 gp=0x4000102380 m=nil [GOMAXPROCS updater (idle), 4 minutes]:
runtime.gopark(0x0?, 0x0?, 0x0?, 0x0?, 0x0?)
	runtime/proc.go:460 +0xc0 fp=0x4000080770 sp=0x4000080750 pc=0x8a190
runtime.goparkunlock(...)
	runtime/proc.go:466
runtime.updateMaxProcsGoroutine()
	runtime/proc.go:6720 +0xf4 fp=0x40000807d0 sp=0x4000080770 pc=0x652a4
runtime.goexit({})
	runtime/asm_arm64.s:1268 +0x4 fp=0x40000807d0 sp=0x40000807d0 pc=0x920c4
created by runtime.defaultGOMAXPROCSUpdateEnable in goroutine 1
	runtime/proc.go:6708 +0x48

goroutine 18 gp=0x4000102540 m=nil [finalizer wait, 4 minutes]:
runtime.gopark(0x8?, 0x9694c?, 0xc8?, 0x45?, 0x2d0b4?)
	runtime/proc.go:460 +0xc0 fp=0x4000084580 sp=0x4000084560 pc=0x8a190
runtime.runFinalizers()
	runtime/mfinal.go:210 +0x104 fp=0x40000847d0 sp=0x4000084580 pc=0x32804
runtime.goexit({})
	runtime/asm_arm64.s:1268 +0x4 fp=0x40000847d0 sp=0x40000847d0 pc=0x920c4
created by runtime.createfing in goroutine 1
	runtime/mfinal.go:172 +0x78

goroutine 19 gp=0x4000102e00 m=nil [cleanup wait, 4 minutes]:
runtime.gopark(0x0?, 0x0?, 0x0?, 0x0?, 0x0?)
	runtime/proc.go:460 +0xc0 fp=0x4000080f40 sp=0x4000080f20 pc=0x8a190
runtime.goparkunlock(...)
	runtime/proc.go:466
runtime.(*cleanupQueue).dequeue(0x153f1a0)
	runtime/mcleanup.go:439 +0x110 fp=0x4000080f80 sp=0x4000080f40 pc=0x2f230
runtime.runCleanups()
	runtime/mcleanup.go:635 +0x40 fp=0x4000080fd0 sp=0x4000080f80 pc=0x2fa40
runtime.goexit({})
	runtime/asm_arm64.s:1268 +0x4 fp=0x4000080fd0 sp=0x4000080fd0 pc=0x920c4
created by runtime.(*cleanupQueue).createGs in goroutine 1
	runtime/mcleanup.go:589 +0x108

goroutine 20 gp=0x4000103c00 m=nil [GC worker (idle), 4 minutes]:
runtime.gopark(0x0?, 0x0?, 0x0?, 0x0?, 0x0?)
	runtime/proc.go:460 +0xc0 fp=0x4000081710 sp=0x40000816f0 pc=0x8a190
runtime.gcBgMarkWorker(0x4000118ee0)
	runtime/mgc.go:1463 +0xe0 fp=0x40000817b0 sp=0x4000081710 pc=0x35e90
runtime.gcBgMarkStartWorkers.gowrap1()
	runtime/mgc.go:1373 +0x28 fp=0x40000817d0 sp=0x40000817b0 pc=0x35d78
runtime.goexit({})
	runtime/asm_arm64.s:1268 +0x4 fp=0x40000817d0 sp=0x40000817d0 pc=0x920c4
created by runtime.gcBgMarkStartWorkers in goroutine 1
	runtime/mgc.go:1373 +0x140

goroutine 5 gp=0x4000003340 m=nil [GC worker (idle), 4 minutes]:
runtime.gopark(0x0?, 0x0?, 0x0?, 0x0?, 0x0?)
	runtime/proc.go:460 +0xc0 fp=0x4000086710 sp=0x40000866f0 pc=0x8a190
runtime.gcBgMarkWorker(0x4000118ee0)
	runtime/mgc.go:1463 +0xe0 fp=0x40000867b0 sp=0x4000086710 pc=0x35e90
runtime.gcBgMarkStartWorkers.gowrap1()
	runtime/mgc.go:1373 +0x28 fp=0x40000867d0 sp=0x40000867b0 pc=0x35d78
runtime.goexit({})
	runtime/asm_arm64.s:1268 +0x4 fp=0x40000867d0 sp=0x40000867d0 pc=0x920c4
created by runtime.gcBgMarkStartWorkers in goroutine 1
	runtime/mgc.go:1373 +0x140

goroutine 6 gp=0x4000003500 m=nil [GC worker (idle), 4 minutes]:
runtime.gopark(0x0?, 0x0?, 0x0?, 0x0?, 0x0?)
	runtime/proc.go:460 +0xc0 fp=0x4000086f10 sp=0x4000086ef0 pc=0x8a190
runtime.gcBgMarkWorker(0x4000118ee0)
	runtime/mgc.go:1463 +0xe0 fp=0x4000086fb0 sp=0x4000086f10 pc=0x35e90
runtime.gcBgMarkStartWorkers.gowrap1()
	runtime/mgc.go:1373 +0x28 fp=0x4000086fd0 sp=0x4000086fb0 pc=0x35d78
runtime.goexit({})
	runtime/asm_arm64.s:1268 +0x4 fp=0x4000086fd0 sp=0x4000086fd0 pc=0x920c4
created by runtime.gcBgMarkStartWorkers in goroutine 1
	runtime/mgc.go:1373 +0x140

goroutine 33 gp=0x4000502380 m=nil [GC worker (idle), 4 minutes]:
runtime.gopark(0x0?, 0x0?, 0x0?, 0x0?, 0x0?)
	runtime/proc.go:460 +0xc0 fp=0x400051e710 sp=0x400051e6f0 pc=0x8a190
runtime.gcBgMarkWorker(0x4000118ee0)
	runtime/mgc.go:1463 +0xe0 fp=0x400051e7b0 sp=0x400051e710 pc=0x35e90
runtime.gcBgMarkStartWorkers.gowrap1()
	runtime/mgc.go:1373 +0x28 fp=0x400051e7d0 sp=0x400051e7b0 pc=0x35d78
runtime.goexit({})
	runtime/asm_arm64.s:1268 +0x4 fp=0x400051e7d0 sp=0x400051e7d0 pc=0x920c4
created by runtime.gcBgMarkStartWorkers in goroutine 1
	runtime/mgc.go:1373 +0x140

goroutine 49 gp=0x4000584000 m=nil [GC worker (idle), 3 minutes]:
runtime.gopark(0x2a7f8627dbda7?, 0x0?, 0x0?, 0x0?, 0x0?)
	runtime/proc.go:460 +0xc0 fp=0x400051a710 sp=0x400051a6f0 pc=0x8a190
runtime.gcBgMarkWorker(0x4000118ee0)
	runtime/mgc.go:1463 +0xe0 fp=0x400051a7b0 sp=0x400051a710 pc=0x35e90
runtime.gcBgMarkStartWorkers.gowrap1()
	runtime/mgc.go:1373 +0x28 fp=0x400051a7d0 sp=0x400051a7b0 pc=0x35d78
runtime.goexit({})
	runtime/asm_arm64.s:1268 +0x4 fp=0x400051a7d0 sp=0x400051a7d0 pc=0x920c4
created by runtime.gcBgMarkStartWorkers in goroutine 1
	runtime/mgc.go:1373 +0x140

goroutine 50 gp=0x40005841c0 m=nil [GC worker (idle)]:
runtime.gopark(0x2a81d6e7102f9?, 0x1?, 0x16?, 0xbf?, 0x0?)
	runtime/proc.go:460 +0xc0 fp=0x40005f4f10 sp=0x40005f4ef0 pc=0x8a190
runtime.gcBgMarkWorker(0x4000118ee0)
	runtime/mgc.go:1463 +0xe0 fp=0x40005f4fb0 sp=0x40005f4f10 pc=0x35e90
runtime.gcBgMarkStartWorkers.gowrap1()
	runtime/mgc.go:1373 +0x28 fp=0x40005f4fd0 sp=0x40005f4fb0 pc=0x35d78
runtime.goexit({})
	runtime/asm_arm64.s:1268 +0x4 fp=0x40005f4fd0 sp=0x40005f4fd0 pc=0x920c4
created by runtime.gcBgMarkStartWorkers in goroutine 1
	runtime/mgc.go:1373 +0x140

goroutine 21 gp=0x4000103dc0 m=nil [GC worker (idle), 3 minutes]:
runtime.gopark(0x156b460?, 0x3?, 0x51?, 0xa2?, 0x0?)
	runtime/proc.go:460 +0xc0 fp=0x40005c4f10 sp=0x40005c4ef0 pc=0x8a190
runtime.gcBgMarkWorker(0x4000118ee0)
	runtime/mgc.go:1463 +0xe0 fp=0x40005c4fb0 sp=0x40005c4f10 pc=0x35e90
runtime.gcBgMarkStartWorkers.gowrap1()
	runtime/mgc.go:1373 +0x28 fp=0x40005c4fd0 sp=0x40005c4fb0 pc=0x35d78
runtime.goexit({})
	runtime/asm_arm64.s:1268 +0x4 fp=0x40005c4fd0 sp=0x40005c4fd0 pc=0x920c4
created by runtime.gcBgMarkStartWorkers in goroutine 1
	runtime/mgc.go:1373 +0x140

goroutine 34 gp=0x4000502540 m=nil [GC worker (idle)]:
runtime.gopark(0x156b460?, 0x1?, 0x8f?, 0xb?, 0x0?)
	runtime/proc.go:460 +0xc0 fp=0x40005e9f10 sp=0x40005e9ef0 pc=0x8a190
runtime.gcBgMarkWorker(0x4000118ee0)
	runtime/mgc.go:1463 +0xe0 fp=0x40005e9fb0 sp=0x40005e9f10 pc=0x35e90
runtime.gcBgMarkStartWorkers.gowrap1()
	runtime/mgc.go:1373 +0x28 fp=0x40005e9fd0 sp=0x40005e9fb0 pc=0x35d78
runtime.goexit({})
	runtime/asm_arm64.s:1268 +0x4 fp=0x40005e9fd0 sp=0x40005e9fd0 pc=0x920c4
created by runtime.gcBgMarkStartWorkers in goroutine 1
	runtime/mgc.go:1373 +0x140

goroutine 51 gp=0x4000584380 m=nil [GC worker (idle), 3 minutes]:
runtime.gopark(0x2a7f8960ae71f?, 0x3?, 0x2e?, 0x15?, 0x0?)
	runtime/proc.go:460 +0xc0 fp=0x400051b710 sp=0x400051b6f0 pc=0x8a190
runtime.gcBgMarkWorker(0x4000118ee0)
	runtime/mgc.go:1463 +0xe0 fp=0x400051b7b0 sp=0x400051b710 pc=0x35e90
runtime.gcBgMarkStartWorkers.gowrap1()
	runtime/mgc.go:1373 +0x28 fp=0x400051b7d0 sp=0x400051b7b0 pc=0x35d78
runtime.goexit({})
	runtime/asm_arm64.s:1268 +0x4 fp=0x400051b7d0 sp=0x400051b7d0 pc=0x920c4
created by runtime.gcBgMarkStartWorkers in goroutine 1
	runtime/mgc.go:1373 +0x140

goroutine 22 gp=0x400048c000 m=nil [GC worker (idle), 3 minutes]:
runtime.gopark(0x156b460?, 0x1?, 0x66?, 0xd8?, 0x0?)
	runtime/proc.go:460 +0xc0 fp=0x40005f3f10 sp=0x40005f3ef0 pc=0x8a190
runtime.gcBgMarkWorker(0x4000118ee0)
	runtime/mgc.go:1463 +0xe0 fp=0x40005f3fb0 sp=0x40005f3f10 pc=0x35e90
runtime.gcBgMarkStartWorkers.gowrap1()
	runtime/mgc.go:1373 +0x28 fp=0x40005f3fd0 sp=0x40005f3fb0 pc=0x35d78
runtime.goexit({})
	runtime/asm_arm64.s:1268 +0x4 fp=0x40005f3fd0 sp=0x40005f3fd0 pc=0x920c4
created by runtime.gcBgMarkStartWorkers in goroutine 1
	runtime/mgc.go:1373 +0x140

goroutine 35 gp=0x4000502700 m=nil [GC worker (idle), 3 minutes]:
runtime.gopark(0x2a7f8627db96b?, 0x3?, 0xaa?, 0xbb?, 0x0?)
	runtime/proc.go:460 +0xc0 fp=0x400011cf10 sp=0x400011cef0 pc=0x8a190
runtime.gcBgMarkWorker(0x4000118ee0)
	runtime/mgc.go:1463 +0xe0 fp=0x400011cfb0 sp=0x400011cf10 pc=0x35e90
runtime.gcBgMarkStartWorkers.gowrap1()
	runtime/mgc.go:1373 +0x28 fp=0x400011cfd0 sp=0x400011cfb0 pc=0x35d78
runtime.goexit({})
	runtime/asm_arm64.s:1268 +0x4 fp=0x400011cfd0 sp=0x400011cfd0 pc=0x920c4
created by runtime.gcBgMarkStartWorkers in goroutine 1
	runtime/mgc.go:1373 +0x140

goroutine 52 gp=0x4000584540 m=nil [GC worker (idle), 2 minutes]:
runtime.gopark(0x2a81d6e717eff?, 0x1?, 0x95?, 0x78?, 0x0?)
	runtime/proc.go:460 +0xc0 fp=0x400077bf10 sp=0x400077bef0 pc=0x8a190
runtime.gcBgMarkWorker(0x4000118ee0)
	runtime/mgc.go:1463 +0xe0 fp=0x400077bfb0 sp=0x400077bf10 pc=0x35e90
runtime.gcBgMarkStartWorkers.gowrap1()
	runtime/mgc.go:1373 +0x28 fp=0x400077bfd0 sp=0x400077bfb0 pc=0x35d78
runtime.goexit({})
	runtime/asm_arm64.s:1268 +0x4 fp=0x400077bfd0 sp=0x400077bfd0 pc=0x920c4
created by runtime.gcBgMarkStartWorkers in goroutine 1
	runtime/mgc.go:1373 +0x140

goroutine 23 gp=0x400048c1c0 m=nil [GC worker (idle), 3 minutes]:
runtime.gopark(0x2a7f8960af766?, 0x1?, 0x49?, 0x44?, 0x0?)
	runtime/proc.go:460 +0xc0 fp=0x4000082f10 sp=0x4000082ef0 pc=0x8a190
runtime.gcBgMarkWorker(0x4000118ee0)
	runtime/mgc.go:1463 +0xe0 fp=0x4000082fb0 sp=0x4000082f10 pc=0x35e90
runtime.gcBgMarkStartWorkers.gowrap1()
	runtime/mgc.go:1373 +0x28 fp=0x4000082fd0 sp=0x4000082fb0 pc=0x35d78
runtime.goexit({})
	runtime/asm_arm64.s:1268 +0x4 fp=0x4000082fd0 sp=0x4000082fd0 pc=0x920c4
created by runtime.gcBgMarkStartWorkers in goroutine 1
	runtime/mgc.go:1373 +0x140

goroutine 36 gp=0x40005028c0 m=nil [GC worker (idle), 3 minutes]:
runtime.gopark(0x2a7f8960af73c?, 0x1?, 0x12?, 0xe7?, 0x0?)
	runtime/proc.go:460 +0xc0 fp=0x40000f2f10 sp=0x40000f2ef0 pc=0x8a190
runtime.gcBgMarkWorker(0x4000118ee0)
	runtime/mgc.go:1463 +0xe0 fp=0x40000f2fb0 sp=0x40000f2f10 pc=0x35e90
runtime.gcBgMarkStartWorkers.gowrap1()
	runtime/mgc.go:1373 +0x28 fp=0x40000f2fd0 sp=0x40000f2fb0 pc=0x35d78
runtime.goexit({})
	runtime/asm_arm64.s:1268 +0x4 fp=0x40000f2fd0 sp=0x40000f2fd0 pc=0x920c4
created by runtime.gcBgMarkStartWorkers in goroutine 1
	runtime/mgc.go:1373 +0x140

goroutine 53 gp=0x4000584700 m=nil [GC worker (idle)]:
runtime.gopark(0x156b460?, 0x1?, 0x61?, 0x58?, 0x0?)
	runtime/proc.go:460 +0xc0 fp=0x40000eff10 sp=0x40000efef0 pc=0x8a190
runtime.gcBgMarkWorker(0x4000118ee0)
	runtime/mgc.go:1463 +0xe0 fp=0x40000effb0 sp=0x40000eff10 pc=0x35e90
runtime.gcBgMarkStartWorkers.gowrap1()
	runtime/mgc.go:1373 +0x28 fp=0x40000effd0 sp=0x40000effb0 pc=0x35d78
runtime.goexit({})
	runtime/asm_arm64.s:1268 +0x4 fp=0x40000effd0 sp=0x40000effd0 pc=0x920c4
created by runtime.gcBgMarkStartWorkers in goroutine 1
	runtime/mgc.go:1373 +0x140

goroutine 54 gp=0x40005848c0 m=nil [GC worker (idle), 3 minutes]:
runtime.gopark(0x156b460?, 0x3?, 0x37?, 0x66?, 0x0?)
	runtime/proc.go:460 +0xc0 fp=0x40000bdf10 sp=0x40000bdef0 pc=0x8a190
runtime.gcBgMarkWorker(0x4000118ee0)
	runtime/mgc.go:1463 +0xe0 fp=0x40000bdfb0 sp=0x40000bdf10 pc=0x35e90
runtime.gcBgMarkStartWorkers.gowrap1()
	runtime/mgc.go:1373 +0x28 fp=0x40000bdfd0 sp=0x40000bdfb0 pc=0x35d78
runtime.goexit({})
	runtime/asm_arm64.s:1268 +0x4 fp=0x40000bdfd0 sp=0x40000bdfd0 pc=0x920c4
created by runtime.gcBgMarkStartWorkers in goroutine 1
	runtime/mgc.go:1373 +0x140

goroutine 8 gp=0x4000003a40 m=nil [select, 4 minutes, locked to thread]:
runtime.gopark(0x4000521fa0?, 0x2?, 0x98?, 0x1e?, 0x4000521f8c?)
	runtime/proc.go:460 +0xc0 fp=0x4000521e00 sp=0x4000521de0 pc=0x8a190
runtime.selectgo(0x4000521fa0, 0x4000521f88, 0x0?, 0x0, 0x4000521f98?, 0x1)
	runtime/select.go:351 +0x6bc fp=0x4000521f40 sp=0x4000521e00 pc=0x69d9c
runtime.ensureSigM.func1()
	runtime/signal_unix.go:1085 +0x188 fp=0x4000521fd0 sp=0x4000521f40 pc=0x84a58
runtime.goexit({})
	runtime/asm_arm64.s:1268 +0x4 fp=0x4000521fd0 sp=0x4000521fd0 pc=0x920c4
created by runtime.ensureSigM in goroutine 1
	runtime/signal_unix.go:1068 +0xcc

goroutine 26 gp=0x4000003c00 m=3 mp=0x400007d008 [syscall, 4 minutes]:
runtime.notetsleepg(0x15691e0, 0xffffffffffffffff)
	runtime/lock_futex.go:123 +0x34 fp=0x400051d790 sp=0x400051d760 pc=0x27ef4
os/signal.signal_recv()
	runtime/sigqueue.go:152 +0x30 fp=0x400051d7b0 sp=0x400051d790 pc=0x8c660
os/signal.loop()
	os/signal/signal_unix.go:23 +0x1c fp=0x400051d7d0 sp=0x400051d7b0 pc=0x318a0c
runtime.goexit({})
	runtime/asm_arm64.s:1268 +0x4 fp=0x400051d7d0 sp=0x400051d7d0 pc=0x920c4
created by os/signal.Notify.func1.1 in goroutine 1
	os/signal/signal.go:152 +0x28

goroutine 27 gp=0x4000003dc0 m=nil [select, 4 minutes]:
runtime.gopark(0x400051dfa8?, 0x2?, 0x0?, 0x0?, 0x400051df94?)
	runtime/proc.go:460 +0xc0 fp=0x400051de10 sp=0x400051ddf0 pc=0x8a190
runtime.selectgo(0x400051dfa8, 0x400051df90, 0x0?, 0x0, 0x0?, 0x1)
	runtime/select.go:351 +0x6bc fp=0x400051df50 sp=0x400051de10 pc=0x69d9c
os/signal.NotifyContext.func1()
	os/signal/signal.go:289 +0x64 fp=0x400051dfd0 sp=0x400051df50 pc=0x318594
runtime.goexit({})
	runtime/asm_arm64.s:1268 +0x4 fp=0x400051dfd0 sp=0x400051dfd0 pc=0x920c4
created by os/signal.NotifyContext in goroutine 1
	os/signal/signal.go:288 +0x134

goroutine 28 gp=0x4000584a80 m=nil [chan receive, 4 minutes]:
runtime.gopark(0x400051f6e8?, 0x3c814?, 0xf0?, 0x21?, 0x4000118ee0?)
	runtime/proc.go:460 +0xc0 fp=0x400051f6b0 sp=0x400051f690 pc=0x8a190
runtime.chanrecv(0x400023d180, 0x400051f7b8, 0x1)
	runtime/chan.go:667 +0x428 fp=0x400051f730 sp=0x400051f6b0 pc=0x22f28
runtime.chanrecv2(0x0?, 0x0?)
	runtime/chan.go:514 +0x14 fp=0x400051f760 sp=0x400051f730 pc=0x22ae4
main.main.func1()
	github.com/tonylturner/containd/cmd/containd/main.go:57 +0x7c fp=0x400051f7d0 sp=0x400051f760 pc=0x98c7cc
runtime.goexit({})
	runtime/asm_arm64.s:1268 +0x4 fp=0x400051f7d0 sp=0x400051f7d0 pc=0x920c4
created by main.main in goroutine 1
	github.com/tonylturner/containd/cmd/containd/main.go:56 +0x1ec

goroutine 29 gp=0x4000584c40 m=nil [select, 4 minutes]:
runtime.gopark(0x4000567ee0?, 0x2?, 0x8?, 0x7c?, 0x4000567d64?)
	runtime/proc.go:460 +0xc0 fp=0x4000567b10 sp=0x4000567af0 pc=0x8a190
runtime.selectgo(0x4000567ee0, 0x4000567d60, 0xbf2874?, 0x0, 0x4000567f00?, 0x1)
	runtime/select.go:351 +0x6bc fp=0x4000567c50 sp=0x4000567b10 pc=0x69d9c
github.com/tonylturner/containd/pkg/app/engine.Run({0xd84010, 0x40005976d0}, {{0x0, 0x0}, {0x0, 0x0, 0x0}, 0x0, {0x0, 0x0}})
	github.com/tonylturner/containd/pkg/app/engine/engine.go:185 +0x138c fp=0x4000567f50 sp=0x4000567c50 pc=0x6df25c
main.runAll.func1()
	github.com/tonylturner/containd/cmd/containd/main.go:258 +0x48 fp=0x4000567fd0 sp=0x4000567f50 pc=0x98dda8
runtime.goexit({})
	runtime/asm_arm64.s:1268 +0x4 fp=0x4000567fd0 sp=0x4000567fd0 pc=0x920c4
created by main.runAll in goroutine 1
	github.com/tonylturner/containd/cmd/containd/main.go:258 +0xb0

goroutine 30 gp=0x4000584e00 m=nil [select, 4 minutes]:
runtime.gopark(0x40004c56d0?, 0x2?, 0x18?, 0x55?, 0x40004c566c?)
	runtime/proc.go:460 +0xc0 fp=0x40003c14e0 sp=0x40003c14c0 pc=0x8a190
runtime.selectgo(0x40003c16d0, 0x40004c5668, 0x1?, 0x0, 0x2?, 0x1)
	runtime/select.go:351 +0x6bc fp=0x40003c1620 sp=0x40003c14e0 pc=0x69d9c
github.com/tonylturner/containd/pkg/app/mgmt.serveMgmtServers({0xd84010, 0x40005976d0}, {0x400013aa70, 0x2, 0x400003a093?}, {0x40004845a0, 0x2, 0x6?})
	github.com/tonylturner/containd/pkg/app/mgmt/mgmt.go:314 +0x168 fp=0x40003c1720 sp=0x40003c1620 pc=0x9865c8
github.com/tonylturner/containd/pkg/app/mgmt.Run({0xd84010, 0x40005976d0}, {0x1?})
	github.com/tonylturner/containd/pkg/app/mgmt/mgmt.go:120 +0x7b8 fp=0x40003c1f90 sp=0x40003c1720 pc=0x984a08
main.runAll.func2()
	github.com/tonylturner/containd/cmd/containd/main.go:259 +0x2c fp=0x40003c1fd0 sp=0x40003c1f90 pc=0x98dd2c
runtime.goexit({})
	runtime/asm_arm64.s:1268 +0x4 fp=0x40003c1fd0 sp=0x40003c1fd0 pc=0x920c4
created by main.runAll in goroutine 1
	github.com/tonylturner/containd/cmd/containd/main.go:259 +0x100

goroutine 31 gp=0x4000584fc0 m=nil [select, 4 minutes]:
runtime.gopark(0x4000087f78?, 0x2?, 0x0?, 0x0?, 0x4000087f74?)
	runtime/proc.go:460 +0xc0 fp=0x4000087df0 sp=0x4000087dd0 pc=0x8a190
runtime.selectgo(0x4000087f78, 0x4000087f70, 0x0?, 0x0, 0x0?, 0x1)
	runtime/select.go:351 +0x6bc fp=0x4000087f30 sp=0x4000087df0 pc=0x69d9c
database/sql.(*DB).connectionOpener(0x4000494d00, {0xd84010, 0x4000597720})
	database/sql/sql.go:1261 +0x80 fp=0x4000087fa0 sp=0x4000087f30 pc=0x347490
database/sql.OpenDB.gowrap1()
	database/sql/sql.go:841 +0x2c fp=0x4000087fd0 sp=0x4000087fa0 pc=0x34574c
runtime.goexit({})
	runtime/asm_arm64.s:1268 +0x4 fp=0x4000087fd0 sp=0x4000087fd0 pc=0x920c4
created by database/sql.OpenDB in goroutine 30
	database/sql/sql.go:841 +0x114

goroutine 37 gp=0x4000602380 m=nil [select]:
runtime.gopark(0x40000b9e08?, 0x2?, 0xe8?, 0x9b?, 0x40000b9d1c?)
	runtime/proc.go:460 +0xc0 fp=0x40000b9ba0 sp=0x40000b9b80 pc=0x8a190
runtime.selectgo(0x40000b9e08, 0x40000b9d18, 0x0?, 0x0, 0x0?, 0x1)
	runtime/select.go:351 +0x6bc fp=0x40000b9ce0 sp=0x40000b9ba0 pc=0x69d9c
github.com/tonylturner/containd/pkg/cp/services.(*ScanQueue).Dequeue(0x40005976d0?, 0x4000118310?)
	github.com/tonylturner/containd/pkg/cp/services/queue.go:38 +0x9c fp=0x40000b9e30 sp=0x40000b9ce0 pc=0x652b2c
github.com/tonylturner/containd/pkg/cp/services.(*AVManager).StartWorker.func1()
	github.com/tonylturner/containd/pkg/cp/services/av.go:574 +0x6c fp=0x40000b9fd0 sp=0x40000b9e30 pc=0x63beac
runtime.goexit({})
	runtime/asm_arm64.s:1268 +0x4 fp=0x40000b9fd0 sp=0x40000b9fd0 pc=0x920c4
created by github.com/tonylturner/containd/pkg/cp/services.(*AVManager).StartWorker in goroutine 29
	github.com/tonylturner/containd/pkg/cp/services/av.go:567 +0x84

goroutine 465 gp=0x4000602540 m=nil [select]:
runtime.gopark(0x40000f6f90?, 0x2?, 0x38?, 0x6e?, 0x40000f6f74?)
	runtime/proc.go:460 +0xc0 fp=0x40000f6df0 sp=0x40000f6dd0 pc=0x8a190
runtime.selectgo(0x40000f6f90, 0x40000f6f70, 0x0?, 0x0, 0x2?, 0x1)
	runtime/select.go:351 +0x6bc fp=0x40000f6f30 sp=0x40000f6df0 pc=0x69d9c
github.com/tonylturner/containd/pkg/dp/engine.(*Engine).Start.func2()
	github.com/tonylturner/containd/pkg/dp/engine/engine.go:275 +0xd0 fp=0x40000f6fd0 sp=0x40000f6f30 pc=0x6aae00
runtime.goexit({})
	runtime/asm_arm64.s:1268 +0x4 fp=0x40000f6fd0 sp=0x40000f6fd0 pc=0x920c4
created by github.com/tonylturner/containd/pkg/dp/engine.(*Engine).Start in goroutine 451
	github.com/tonylturner/containd/pkg/dp/engine/engine.go:271 +0x594

goroutine 39 gp=0x4000602700 m=nil [select]:
runtime.gopark(0x40000f0f08?, 0x4?, 0x8?, 0x0?, 0x40000f0ee8?)
	runtime/proc.go:460 +0xc0 fp=0x40000f0d60 sp=0x40000f0d40 pc=0x8a190
runtime.selectgo(0x40000f0f08, 0x40000f0ee0, 0x0?, 0x0, 0x0?, 0x1)
	runtime/select.go:351 +0x6bc fp=0x40000f0ea0 sp=0x40000f0d60 pc=0x69d9c
github.com/tonylturner/containd/pkg/app/engine.(*ownershipManager).reconcileLoop(0x4000452400, {0xd84010, 0x40005976d0})
	github.com/tonylturner/containd/pkg/app/engine/ownership_linux.go:143 +0x11c fp=0x40000f0fa0 sp=0x40000f0ea0 pc=0x6e58fc
github.com/tonylturner/containd/pkg/app/engine.(*ownershipManager).start.gowrap1()
	github.com/tonylturner/containd/pkg/app/engine/ownership_linux.go:92 +0x2c fp=0x40000f0fd0 sp=0x40000f0fa0 pc=0x6e57ac
runtime.goexit({})
	runtime/asm_arm64.s:1268 +0x4 fp=0x40000f0fd0 sp=0x40000f0fd0 pc=0x920c4
created by github.com/tonylturner/containd/pkg/app/engine.(*ownershipManager).start in goroutine 29
	github.com/tonylturner/containd/pkg/app/engine/ownership_linux.go:92 +0x74

goroutine 40 gp=0x40006028c0 m=11 mp=0x4000600808 [syscall]:
syscall.Syscall6(0xcf, 0x7, 0x40005b3f48, 0x10000, 0x0, 0x4000308cb0, 0x40005b3ec4)
	syscall/syscall_linux.go:96 +0x2c fp=0x40005b3db0 sp=0x40005b3d50 pc=0xbbc7c
syscall.Syscall6(0xcf, 0x7, 0x40005b3f48, 0x10000, 0x0, 0x4000308cb0, 0x40005b3ec4)
	<autogenerated>:1 +0x2c fp=0x40005b3e00 sp=0x40005b3db0 pc=0xbcb7c
golang.org/x/sys/unix.recvfrom(0x4000118310?, {0x40005b3f48?, 0x221f0?, 0xa5f0a0?}, 0x40005b3ed8?, 0x6e60bc?, 0x4000118310?)
	golang.org/x/sys@v0.42.0/unix/zsyscall_linux_arm64.go:472 +0x54 fp=0x40005b3e80 sp=0x40005b3e00 pc=0x35abb4
golang.org/x/sys/unix.Recvfrom(0x7, {0x40005b3f48, 0x10000, 0x10000}, 0x0)
	golang.org/x/sys@v0.42.0/unix/syscall_unix.go:341 +0x64 fp=0x40005b3ee0 sp=0x40005b3e80 pc=0x3587b4
github.com/tonylturner/containd/pkg/app/engine.(*ownershipManager).netlinkWatchLoop(0x4000452400, {0xd84010, 0x40005976d0})
	github.com/tonylturner/containd/pkg/app/engine/ownership_linux.go:204 +0x22c fp=0x40005c3fa0 sp=0x40005b3ee0 pc=0x6e60dc
github.com/tonylturner/containd/pkg/app/engine.(*ownershipManager).start.gowrap2()
	github.com/tonylturner/containd/pkg/app/engine/ownership_linux.go:93 +0x2c fp=0x40005c3fd0 sp=0x40005c3fa0 pc=0x6e574c
runtime.goexit({})
	runtime/asm_arm64.s:1268 +0x4 fp=0x40005c3fd0 sp=0x40005c3fd0 pc=0x920c4
created by github.com/tonylturner/containd/pkg/app/engine.(*ownershipManager).start in goroutine 29
	github.com/tonylturner/containd/pkg/app/engine/ownership_linux.go:93 +0xc4

goroutine 41 gp=0x4000602a80 m=nil [IO wait, 2 minutes]:
runtime.gopark(0x0?, 0x0?, 0x0?, 0x0?, 0x0?)
	runtime/proc.go:460 +0xc0 fp=0x4000120b50 sp=0x4000120b30 pc=0x8a190
runtime.netpollblock(0x7000000000?, 0x6?, 0x0?)
	runtime/netpoll.go:575 +0x150 fp=0x4000120b90 sp=0x4000120b50 pc=0x4f320
internal/poll.runtime_pollWait(0xffffa1454e00, 0x72)
	runtime/netpoll.go:351 +0xa0 fp=0x4000120bc0 sp=0x4000120b90 pc=0x89380
internal/poll.(*pollDesc).wait(0x4000368400?, 0x11519c?, 0x0)
	internal/poll/fd_poll_runtime.go:84 +0x28 fp=0x4000120bf0 sp=0x4000120bc0 pc=0x10e9a8
internal/poll.(*pollDesc).waitRead(...)
	internal/poll/fd_poll_runtime.go:89
internal/poll.(*FD).Accept(0x4000368400)
	internal/poll/fd_unix.go:613 +0x21c fp=0x4000120ca0 sp=0x4000120bf0 pc=0x112f8c
net.(*netFD).accept(0x4000368400)
	net/fd_unix.go:161 +0x28 fp=0x4000120d60 sp=0x4000120ca0 pc=0x1ca528
net.(*TCPListener).accept(0x4000590000)
	net/tcpsock_posix.go:159 +0x24 fp=0x4000120db0 sp=0x4000120d60 pc=0x1e00a4
net.(*TCPListener).Accept(0x4000590000)
	net/tcpsock.go:380 +0x2c fp=0x4000120df0 sp=0x4000120db0 pc=0x1df3dc
net/http.(*onceCloseListener).Accept(0x40000c8870?)
	<autogenerated>:1 +0x2c fp=0x4000120e10 sp=0x4000120df0 pc=0x31593c
net/http.(*Server).Serve(0x4000472100, {0xd82b60, 0x4000590000})
	net/http/server.go:3463 +0x24c fp=0x4000120f40 sp=0x4000120e10 pc=0x2efa3c
net/http.(*Server).ListenAndServe(0x4000472100)
	net/http/server.go:3389 +0x80 fp=0x4000120f70 sp=0x4000120f40 pc=0x2ef6e0
github.com/tonylturner/containd/pkg/app/engine.Run.func5()
	github.com/tonylturner/containd/pkg/app/engine/engine.go:180 +0x24 fp=0x4000120fd0 sp=0x4000120f70 pc=0x6df334
runtime.goexit({})
	runtime/asm_arm64.s:1268 +0x4 fp=0x4000120fd0 sp=0x4000120fd0 pc=0x920c4
created by github.com/tonylturner/containd/pkg/app/engine.Run in goroutine 29
	github.com/tonylturner/containd/pkg/app/engine/engine.go:179 +0x1334

goroutine 81 gp=0x4000682380 m=nil [select]:
runtime.gopark(0x40000b8f90?, 0x2?, 0x38?, 0xe?, 0x40000b8f74?)
	runtime/proc.go:460 +0xc0 fp=0x40000b8df0 sp=0x40000b8dd0 pc=0x8a190
runtime.selectgo(0x40000b8f90, 0x40000b8f70, 0x0?, 0x0, 0x40001c6360?, 0x1)
	runtime/select.go:351 +0x6bc fp=0x40000b8f30 sp=0x40000b8df0 pc=0x69d9c
github.com/tonylturner/containd/pkg/dp/engine.(*Engine).Start.func2()
	github.com/tonylturner/containd/pkg/dp/engine/engine.go:275 +0xd0 fp=0x40000b8fd0 sp=0x40000b8f30 pc=0x6aae00
runtime.goexit({})
	runtime/asm_arm64.s:1268 +0x4 fp=0x40000b8fd0 sp=0x40000b8fd0 pc=0x920c4
created by github.com/tonylturner/containd/pkg/dp/engine.(*Engine).Start in goroutine 38
	github.com/tonylturner/containd/pkg/dp/engine/engine.go:271 +0x594

goroutine 69 gp=0x4000503180 m=nil [select, 4 minutes]:
runtime.gopark(0x400051c778?, 0x2?, 0xc0?, 0x48?, 0x400051c774?)
	runtime/proc.go:460 +0xc0 fp=0x4000123df0 sp=0x4000123dd0 pc=0x8a190
runtime.selectgo(0x4000123f78, 0x400051c770, 0x2a7f00380d260?, 0x0, 0x35bdd?, 0x1)
	runtime/select.go:351 +0x6bc fp=0x4000123f30 sp=0x4000123df0 pc=0x69d9c
database/sql.(*DB).connectionOpener(0x40000c28f0, {0xd84010, 0x4000596050})
	database/sql/sql.go:1261 +0x80 fp=0x4000123fa0 sp=0x4000123f30 pc=0x347490
database/sql.OpenDB.gowrap1()
	database/sql/sql.go:841 +0x2c fp=0x4000123fd0 sp=0x4000123fa0 pc=0x34574c
runtime.goexit({})
	runtime/asm_arm64.s:1268 +0x4 fp=0x4000123fd0 sp=0x4000123fd0 pc=0x920c4
created by database/sql.OpenDB in goroutine 30
	database/sql/sql.go:841 +0x114

goroutine 70 gp=0x4000503340 m=nil [select, 4 minutes]:
runtime.gopark(0x400051cf78?, 0x2?, 0x0?, 0x0?, 0x400051cf74?)
	runtime/proc.go:460 +0xc0 fp=0x40000badf0 sp=0x40000badd0 pc=0x8a190
runtime.selectgo(0x40000baf78, 0x400051cf70, 0xbc78e3?, 0x0, 0x400003a015?, 0x1)
	runtime/select.go:351 +0x6bc fp=0x40000baf30 sp=0x40000badf0 pc=0x69d9c
database/sql.(*DB).connectionOpener(0x40000c2ea0, {0xd84010, 0x40005960a0})
	database/sql/sql.go:1261 +0x80 fp=0x40000bafa0 sp=0x40000baf30 pc=0x347490
database/sql.OpenDB.gowrap1()
	database/sql/sql.go:841 +0x2c fp=0x40000bafd0 sp=0x40000bafa0 pc=0x34574c
runtime.goexit({})
	runtime/asm_arm64.s:1268 +0x4 fp=0x40000bafd0 sp=0x40000bafd0 pc=0x920c4
created by database/sql.OpenDB in goroutine 30
	database/sql/sql.go:841 +0x114

goroutine 878 gp=0x4000602c40 m=nil [select]:
runtime.gopark(0x4000174f90?, 0x2?, 0x38?, 0x4e?, 0x4000174f74?)
	runtime/proc.go:460 +0xc0 fp=0x4000174df0 sp=0x4000174dd0 pc=0x8a190
runtime.selectgo(0x4000174f90, 0x4000174f70, 0x400021aa50?, 0x0, 0x170000?, 0x1)
	runtime/select.go:351 +0x6bc fp=0x4000174f30 sp=0x4000174df0 pc=0x69d9c
github.com/tonylturner/containd/pkg/dp/engine.(*Engine).Start.func2()
	github.com/tonylturner/containd/pkg/dp/engine/engine.go:275 +0xd0 fp=0x4000174fd0 sp=0x4000174f30 pc=0x6aae00
runtime.goexit({})
	runtime/asm_arm64.s:1268 +0x4 fp=0x4000174fd0 sp=0x4000174fd0 pc=0x920c4
created by github.com/tonylturner/containd/pkg/dp/engine.(*Engine).Start in goroutine 784
	github.com/tonylturner/containd/pkg/dp/engine/engine.go:271 +0x594

goroutine 239 gp=0x4000602e00 m=nil [select]:
runtime.gopark(0x40000f3f90?, 0x2?, 0x38?, 0x3e?, 0x40000f3f74?)
	runtime/proc.go:460 +0xc0 fp=0x40000f3df0 sp=0x40000f3dd0 pc=0x8a190
runtime.selectgo(0x40000f3f90, 0x40000f3f70, 0x400021b290?, 0x0, 0x510000?, 0x1)
	runtime/select.go:351 +0x6bc fp=0x40000f3f30 sp=0x40000f3df0 pc=0x69d9c
github.com/tonylturner/containd/pkg/dp/engine.(*Engine).Start.func2()
	github.com/tonylturner/containd/pkg/dp/engine/engine.go:275 +0xd0 fp=0x40000f3fd0 sp=0x40000f3f30 pc=0x6aae00
runtime.goexit({})
	runtime/asm_arm64.s:1268 +0x4 fp=0x40000f3fd0 sp=0x40000f3fd0 pc=0x920c4
created by github.com/tonylturner/containd/pkg/dp/engine.(*Engine).Start in goroutine 225
	github.com/tonylturner/containd/pkg/dp/engine/engine.go:271 +0x594

goroutine 71 gp=0x4000503880 m=nil [select]:
runtime.gopark(0x4000565f90?, 0x2?, 0xf8?, 0x5d?, 0x4000565f4c?)
	runtime/proc.go:460 +0xc0 fp=0x4000565dc0 sp=0x4000565da0 pc=0x8a190
runtime.selectgo(0x4000565f90, 0x4000565f48, 0x0?, 0x0, 0x0?, 0x1)
	runtime/select.go:351 +0x6bc fp=0x4000565f00 sp=0x4000565dc0 pc=0x69d9c
github.com/tonylturner/containd/pkg/app/mgmt.waitDHCPLeaseAuditTick(...)
	github.com/tonylturner/containd/pkg/app/mgmt/startup_support.go:108
github.com/tonylturner/containd/pkg/app/mgmt.startDHCPLeaseAuditIngestor.func1()
	github.com/tonylturner/containd/pkg/app/mgmt/startup_support.go:80 +0xcc fp=0x4000565fd0 sp=0x4000565f00 pc=0x98881c
runtime.goexit({})
	runtime/asm_arm64.s:1268 +0x4 fp=0x4000565fd0 sp=0x4000565fd0 pc=0x920c4
created by github.com/tonylturner/containd/pkg/app/mgmt.startDHCPLeaseAuditIngestor in goroutine 30
	github.com/tonylturner/containd/pkg/app/mgmt/startup_support.go:74 +0xd4

goroutine 75 gp=0x4000503a40 m=nil [chan receive, 4 minutes]:
runtime.gopark(0x0?, 0x4000429b00?, 0x38?, 0xf?, 0x2292c?)
	runtime/proc.go:460 +0xc0 fp=0x40000b6ee0 sp=0x40000b6ec0 pc=0x8a190
runtime.chanrecv(0x400012b700, 0x40000b6fb7, 0x1)
	runtime/chan.go:667 +0x428 fp=0x40000b6f60 sp=0x40000b6ee0 pc=0x22f28
runtime.chanrecv2(0x4000429620?, 0x920c8?)
	runtime/chan.go:514 +0x14 fp=0x40000b6f90 sp=0x40000b6f60 pc=0x22ae4
gopkg.in/natefinch/lumberjack%2ev2.(*Logger).millRun(...)
	gopkg.in/natefinch/lumberjack.v2@v2.2.1/lumberjack.go:379
gopkg.in/natefinch/lumberjack%2ev2.(*Logger).mill.func1.gowrap1()
	gopkg.in/natefinch/lumberjack.v2@v2.2.1/lumberjack.go:390 +0x4c fp=0x40000b6fd0 sp=0x40000b6f90 pc=0x53c3dc
runtime.goexit({})
	runtime/asm_arm64.s:1268 +0x4 fp=0x40000b6fd0 sp=0x40000b6fd0 pc=0x920c4
created by gopkg.in/natefinch/lumberjack%2ev2.(*Logger).mill.func1 in goroutine 30
	gopkg.in/natefinch/lumberjack.v2@v2.2.1/lumberjack.go:390 +0x94

goroutine 76 gp=0x4000503dc0 m=nil [chan receive, 4 minutes]:
runtime.gopark(0x0?, 0x0?, 0x0?, 0x0?, 0x0?)
	runtime/proc.go:460 +0xc0 fp=0x40000b7ee0 sp=0x40000b7ec0 pc=0x8a190
runtime.chanrecv(0x400012b780, 0x40000b7fb7, 0x1)
	runtime/chan.go:667 +0x428 fp=0x40000b7f60 sp=0x40000b7ee0 pc=0x22f28
runtime.chanrecv2(0x4000429860?, 0x0?)
	runtime/chan.go:514 +0x14 fp=0x40000b7f90 sp=0x40000b7f60 pc=0x22ae4
gopkg.in/natefinch/lumberjack%2ev2.(*Logger).millRun(...)
	gopkg.in/natefinch/lumberjack.v2@v2.2.1/lumberjack.go:379
gopkg.in/natefinch/lumberjack%2ev2.(*Logger).mill.func1.gowrap1()
	gopkg.in/natefinch/lumberjack.v2@v2.2.1/lumberjack.go:390 +0x4c fp=0x40000b7fd0 sp=0x40000b7f90 pc=0x53c3dc
runtime.goexit({})
	runtime/asm_arm64.s:1268 +0x4 fp=0x40000b7fd0 sp=0x40000b7fd0 pc=0x920c4
created by gopkg.in/natefinch/lumberjack%2ev2.(*Logger).mill.func1 in goroutine 30
	gopkg.in/natefinch/lumberjack.v2@v2.2.1/lumberjack.go:390 +0x94

goroutine 77 gp=0x4000682540 m=nil [select]:
runtime.gopark(0x400011de08?, 0x2?, 0xe8?, 0xdb?, 0x400011dd1c?)
	runtime/proc.go:460 +0xc0 fp=0x400011dba0 sp=0x400011db80 pc=0x8a190
runtime.selectgo(0x400011de08, 0x400011dd18, 0x0?, 0x0, 0x0?, 0x1)
	runtime/select.go:351 +0x6bc fp=0x400011dce0 sp=0x400011dba0 pc=0x69d9c
github.com/tonylturner/containd/pkg/cp/services.(*ScanQueue).Dequeue(0x4000692248?, 0x1dcd6500?)
	github.com/tonylturner/containd/pkg/cp/services/queue.go:38 +0x9c fp=0x400011de30 sp=0x400011dce0 pc=0x652b2c
github.com/tonylturner/containd/pkg/cp/services.(*AVManager).StartWorker.func1()
	github.com/tonylturner/containd/pkg/cp/services/av.go:574 +0x6c fp=0x400011dfd0 sp=0x400011de30 pc=0x63beac
runtime.goexit({})
	runtime/asm_arm64.s:1268 +0x4 fp=0x400011dfd0 sp=0x400011dfd0 pc=0x920c4
created by github.com/tonylturner/containd/pkg/cp/services.(*AVManager).StartWorker in goroutine 30
	github.com/tonylturner/containd/pkg/cp/services/av.go:567 +0x84

goroutine 78 gp=0x40006828c0 m=nil [IO wait, 4 minutes]:
runtime.gopark(0x0?, 0x0?, 0x0?, 0x0?, 0x0?)
	runtime/proc.go:460 +0xc0 fp=0x40000f9bc0 sp=0x40000f9ba0 pc=0x8a190
runtime.netpollblock(0x7000000000?, 0x0?, 0x0?)
	runtime/netpoll.go:575 +0x150 fp=0x40000f9c00 sp=0x40000f9bc0 pc=0x4f320
internal/poll.runtime_pollWait(0xffffa1454800, 0x72)
	runtime/netpoll.go:351 +0xa0 fp=0x40000f9c30 sp=0x40000f9c00 pc=0x89380
internal/poll.(*pollDesc).wait(0x4000369000?, 0x0?, 0x0)
	internal/poll/fd_poll_runtime.go:84 +0x28 fp=0x40000f9c60 sp=0x40000f9c30 pc=0x10e9a8
internal/poll.(*pollDesc).waitRead(...)
	internal/poll/fd_poll_runtime.go:89
internal/poll.(*FD).Accept(0x4000369000)
	internal/poll/fd_unix.go:613 +0x21c fp=0x40000f9d10 sp=0x40000f9c60 pc=0x112f8c
net.(*netFD).accept(0x4000369000)
	net/fd_unix.go:161 +0x28 fp=0x40000f9dd0 sp=0x40000f9d10 pc=0x1ca528
net.(*TCPListener).accept(0x4000320780)
	net/tcpsock_posix.go:159 +0x24 fp=0x40000f9e20 sp=0x40000f9dd0 pc=0x1e00a4
net.(*TCPListener).Accept(0x4000320780)
	net/tcpsock.go:380 +0x2c fp=0x40000f9e60 sp=0x40000f9e20 pc=0x1df3dc
github.com/tonylturner/containd/pkg/mp/sshserver.(*Server).ListenAndServe(0x400013e780, {0xd83fa0, 0x1567ba0})
	github.com/tonylturner/containd/pkg/mp/sshserver/server.go:115 +0x284 fp=0x40000f9f50 sp=0x40000f9e60 pc=0x978c04
github.com/tonylturner/containd/pkg/app/mgmt.startSSH.func2()
	github.com/tonylturner/containd/pkg/app/mgmt/ssh_support.go:77 +0x34 fp=0x40000f9fd0 sp=0x40000f9f50 pc=0x986d14
runtime.goexit({})
	runtime/asm_arm64.s:1268 +0x4 fp=0x40000f9fd0 sp=0x40000f9fd0 pc=0x920c4
created by github.com/tonylturner/containd/pkg/app/mgmt.startSSH in goroutine 30
	github.com/tonylturner/containd/pkg/app/mgmt/ssh_support.go:76 +0x2e4

goroutine 32 gp=0x4000585500 m=nil [IO wait]:
runtime.gopark(0x0?, 0x0?, 0x0?, 0x0?, 0x0?)
	runtime/proc.go:460 +0xc0 fp=0x40000f7b60 sp=0x40000f7b40 pc=0x8a190
runtime.netpollblock(0x7000000000?, 0xb02b30?, 0x40?)
	runtime/netpoll.go:575 +0x150 fp=0x40000f7ba0 sp=0x40000f7b60 pc=0x4f320
internal/poll.runtime_pollWait(0xffffa1454c00, 0x72)
	runtime/netpoll.go:351 +0xa0 fp=0x40000f7bd0 sp=0x40000f7ba0 pc=0x89380
internal/poll.(*pollDesc).wait(0x40002ce580?, 0x72364?, 0x0)
	internal/poll/fd_poll_runtime.go:84 +0x28 fp=0x40000f7c00 sp=0x40000f7bd0 pc=0x10e9a8
internal/poll.(*pollDesc).waitRead(...)
	internal/poll/fd_poll_runtime.go:89
internal/poll.(*FD).Accept(0x40002ce580)
	internal/poll/fd_unix.go:613 +0x21c fp=0x40000f7cb0 sp=0x40000f7c00 pc=0x112f8c
net.(*netFD).accept(0x40002ce580)
	net/fd_unix.go:161 +0x28 fp=0x40000f7d70 sp=0x40000f7cb0 pc=0x1ca528
net.(*TCPListener).accept(0x400056e3c0)
	net/tcpsock_posix.go:159 +0x24 fp=0x40000f7dc0 sp=0x40000f7d70 pc=0x1e00a4
net.(*TCPListener).Accept(0x400056e3c0)
	net/tcpsock.go:380 +0x2c fp=0x40000f7e00 sp=0x40000f7dc0 pc=0x1df3dc
net/http.(*onceCloseListener).Accept(0x40001cd290?)
	<autogenerated>:1 +0x2c fp=0x40000f7e20 sp=0x40000f7e00 pc=0x31593c
net/http.(*Server).Serve(0x4000472900, {0xd82b60, 0x400056e3c0})
	net/http/server.go:3463 +0x24c fp=0x40000f7f50 sp=0x40000f7e20 pc=0x2efa3c
github.com/tonylturner/containd/pkg/app/mgmt.serveMgmtServer(0x0?, {0xd82b60?, 0x400056e3c0?}, 0x400048a150)
	github.com/tonylturner/containd/pkg/app/mgmt/mgmt.go:338 +0xb4 fp=0x40000f7fa0 sp=0x40000f7f50 pc=0x986894
github.com/tonylturner/containd/pkg/app/mgmt.serveMgmtServers.gowrap1()
	github.com/tonylturner/containd/pkg/app/mgmt/mgmt.go:311 +0x2c fp=0x40000f7fd0 sp=0x40000f7fa0 pc=0x9867ac
runtime.goexit({})
	runtime/asm_arm64.s:1268 +0x4 fp=0x40000f7fd0 sp=0x40000f7fd0 pc=0x920c4
created by github.com/tonylturner/containd/pkg/app/mgmt.serveMgmtServers in goroutine 30
	github.com/tonylturner/containd/pkg/app/mgmt/mgmt.go:311 +0x80

goroutine 113 gp=0x40005856c0 m=nil [IO wait, 4 minutes]:
runtime.gopark(0x0?, 0x0?, 0x0?, 0x0?, 0x0?)
	runtime/proc.go:460 +0xc0 fp=0x40000bcb10 sp=0x40000bcaf0 pc=0x8a190
runtime.netpollblock(0x7000000000?, 0x0?, 0x0?)
	runtime/netpoll.go:575 +0x150 fp=0x40000bcb50 sp=0x40000bcb10 pc=0x4f320
internal/poll.runtime_pollWait(0xffffa1454a00, 0x72)
	runtime/netpoll.go:351 +0xa0 fp=0x40000bcb80 sp=0x40000bcb50 pc=0x89380
internal/poll.(*pollDesc).wait(0x40002ce600?, 0x1560568?, 0x0)
	internal/poll/fd_poll_runtime.go:84 +0x28 fp=0x40000bcbb0 sp=0x40000bcb80 pc=0x10e9a8
internal/poll.(*pollDesc).waitRead(...)
	internal/poll/fd_poll_runtime.go:89
internal/poll.(*FD).Accept(0x40002ce600)
	internal/poll/fd_unix.go:613 +0x21c fp=0x40000bcc60 sp=0x40000bcbb0 pc=0x112f8c
net.(*netFD).accept(0x40002ce600)
	net/fd_unix.go:161 +0x28 fp=0x40000bcd20 sp=0x40000bcc60 pc=0x1ca528
net.(*TCPListener).accept(0x400056e400)
	net/tcpsock_posix.go:159 +0x24 fp=0x40000bcd70 sp=0x40000bcd20 pc=0x1e00a4
net.(*TCPListener).Accept(0x400056e400)
	net/tcpsock.go:380 +0x2c fp=0x40000bcdb0 sp=0x40000bcd70 pc=0x1df3dc
crypto/tls.(*listener).Accept(0x40001422b8)
	crypto/tls/tls.go:79 +0x28 fp=0x40000bce00 sp=0x40000bcdb0 pc=0x26b938
net/http.(*onceCloseListener).Accept(0xd83fa0?)
	<autogenerated>:1 +0x2c fp=0x40000bce20 sp=0x40000bce00 pc=0x31593c
net/http.(*Server).Serve(0x4000472a00, {0xd82ad0, 0x40001422b8})
	net/http/server.go:3463 +0x24c fp=0x40000bcf50 sp=0x40000bce20 pc=0x2efa3c
github.com/tonylturner/containd/pkg/app/mgmt.serveMgmtServer(0x4000472a00, {0xd82b60, 0x400056e400}, 0x400048a150)
	github.com/tonylturner/containd/pkg/app/mgmt/mgmt.go:335 +0x90 fp=0x40000bcfa0 sp=0x40000bcf50 pc=0x986870
github.com/tonylturner/containd/pkg/app/mgmt.serveMgmtServers.gowrap1()
	github.com/tonylturner/containd/pkg/app/mgmt/mgmt.go:311 +0x2c fp=0x40000bcfd0 sp=0x40000bcfa0 pc=0x9867ac
runtime.goexit({})
	runtime/asm_arm64.s:1268 +0x4 fp=0x40000bcfd0 sp=0x40000bcfd0 pc=0x920c4
created by github.com/tonylturner/containd/pkg/app/mgmt.serveMgmtServers in goroutine 30
	github.com/tonylturner/containd/pkg/app/mgmt/mgmt.go:311 +0x80

goroutine 79 gp=0x4000682a80 m=nil [chan receive (nil chan), 4 minutes]:
runtime.gopark(0x0?, 0x0?, 0x0?, 0x0?, 0x0?)
	runtime/proc.go:460 +0xc0 fp=0x4000083ef0 sp=0x4000083ed0 pc=0x8a190
runtime.chanrecv(0x0?, 0x0?, 0x0?)
	runtime/chan.go:536 +0x1cc fp=0x4000083f70 sp=0x4000083ef0 pc=0x22ccc
runtime.chanrecv1(0x0?, 0x40001304a8?)
	runtime/chan.go:509 +0x14 fp=0x4000083fa0 sp=0x4000083f70 pc=0x22ac4
github.com/tonylturner/containd/pkg/mp/sshserver.(*Server).ListenAndServe.func2()
	github.com/tonylturner/containd/pkg/mp/sshserver/server.go:110 +0x34 fp=0x4000083fd0 sp=0x4000083fa0 pc=0x978f24
runtime.goexit({})
	runtime/asm_arm64.s:1268 +0x4 fp=0x4000083fd0 sp=0x4000083fd0 pc=0x920c4
created by github.com/tonylturner/containd/pkg/mp/sshserver.(*Server).ListenAndServe in goroutine 78
	github.com/tonylturner/containd/pkg/mp/sshserver/server.go:109 +0x248

goroutine 3935 gp=0x400048c380 m=nil [select]:
runtime.gopark(0x40005e7f38?, 0x2?, 0x40?, 0x52?, 0x40005e7ee4?)
	runtime/proc.go:460 +0xc0 fp=0x40005e7d60 sp=0x40005e7d40 pc=0x8a190
runtime.selectgo(0x40005e7f38, 0x40005e7ee0, 0x400097e100?, 0x0, 0x40008f09f0?, 0x1)
	runtime/select.go:351 +0x6bc fp=0x40005e7ea0 sp=0x40005e7d60 pc=0x69d9c
net/http.(*persistConn).writeLoop(0x400040ed80)
	net/http/transport.go:2600 +0x94 fp=0x40005e7fb0 sp=0x40005e7ea0 pc=0x305654
net/http.(*Transport).dialConn.gowrap3()
	net/http/transport.go:1948 +0x28 fp=0x40005e7fd0 sp=0x40005e7fb0 pc=0x302918
runtime.goexit({})
	runtime/asm_arm64.s:1268 +0x4 fp=0x40005e7fd0 sp=0x40005e7fd0 pc=0x920c4
created by net/http.(*Transport).dialConn in goroutine 2304
	net/http/transport.go:1948 +0x1164

goroutine 371 gp=0x400048c540 m=nil [select]:
runtime.gopark(0x40007c8f90?, 0x2?, 0x38?, 0x8e?, 0x40007c8f74?)
	runtime/proc.go:460 +0xc0 fp=0x40007c8df0 sp=0x40007c8dd0 pc=0x8a190
runtime.selectgo(0x40007c8f90, 0x40007c8f70, 0x0?, 0x0, 0x2?, 0x1)
	runtime/select.go:351 +0x6bc fp=0x40007c8f30 sp=0x40007c8df0 pc=0x69d9c
github.com/tonylturner/containd/pkg/dp/engine.(*Engine).Start.func2()
	github.com/tonylturner/containd/pkg/dp/engine/engine.go:275 +0xd0 fp=0x40007c8fd0 sp=0x40007c8f30 pc=0x6aae00
runtime.goexit({})
	runtime/asm_arm64.s:1268 +0x4 fp=0x40007c8fd0 sp=0x40007c8fd0 pc=0x920c4
created by github.com/tonylturner/containd/pkg/dp/engine.(*Engine).Start in goroutine 335
	github.com/tonylturner/containd/pkg/dp/engine/engine.go:271 +0x594

goroutine 285 gp=0x4000102700 m=nil [select]:
runtime.gopark(0x40007caf90?, 0x2?, 0x2?, 0x0?, 0x40007caf74?)
	runtime/proc.go:460 +0xc0 fp=0x40007cadf0 sp=0x40007cadd0 pc=0x8a190
runtime.selectgo(0x40007caf90, 0x40007caf70, 0x0?, 0x0, 0x0?, 0x1)
	runtime/select.go:351 +0x6bc fp=0x40007caf30 sp=0x40007cadf0 pc=0x69d9c
github.com/tonylturner/containd/pkg/dp/engine.(*Engine).Start.func2()
	github.com/tonylturner/containd/pkg/dp/engine/engine.go:275 +0xd0 fp=0x40007cafd0 sp=0x40007caf30 pc=0x6aae00
runtime.goexit({})
	runtime/asm_arm64.s:1268 +0x4 fp=0x40007cafd0 sp=0x40007cafd0 pc=0x920c4
created by github.com/tonylturner/containd/pkg/dp/engine.(*Engine).Start in goroutine 294
	github.com/tonylturner/containd/pkg/dp/engine/engine.go:271 +0x594

goroutine 3948 gp=0x4000103180 m=nil [sync.Mutex.Lock, 3 minutes]:
runtime.gopark(0x154ad00?, 0x400058bdf8?, 0x0?, 0x8f?, 0x400058bdd0?)
	runtime/proc.go:460 +0xc0 fp=0x40007f3110 sp=0x40007f30f0 pc=0x8a190
runtime.goparkunlock(...)
	runtime/proc.go:466
runtime.semacquire1(0x400000e024, 0x0, 0x3, 0x2, 0x16)
	runtime/sema.go:192 +0x204 fp=0x40007f3160 sp=0x40007f3110 pc=0x6ab44
internal/sync.runtime_SemacquireMutex(0x0?, 0x60?, 0xa5cb60?)
	runtime/sema.go:95 +0x28 fp=0x40007f31a0 sp=0x40007f3160 pc=0x8ba68
internal/sync.(*Mutex).lockSlow(0x400000e020)
	internal/sync/mutex.go:149 +0x170 fp=0x40007f31f0 sp=0x40007f31a0 pc=0x9b390
internal/sync.(*Mutex).Lock(...)
	internal/sync/mutex.go:70
sync.(*Mutex).Lock(...)
	sync/mutex.go:46
github.com/tonylturner/containd/pkg/cp/config.(*SQLiteStore).LoadCandidate(0x400000e018, {0xd84010, 0x4000597040})
	github.com/tonylturner/containd/pkg/cp/config/store.go:245 +0xf4 fp=0x40007f3280 sp=0x40007f31f0 pc=0x4fd224
github.com/tonylturner/containd/pkg/cp/config.(*SQLiteStore).Commit(0x400000e018, {0xd84010, 0x4000597040})
	github.com/tonylturner/containd/pkg/cp/config/store.go:278 +0xc0 fp=0x40007f3320 sp=0x40007f3280 pc=0x4fd700
github.com/tonylturner/containd/api/http.NewServerWithEngineAndServices.commitConfigHandler.func50(0x4000afa000)
	github.com/tonylturner/containd/api/http/server.go:483 +0x70 fp=0x40007f33f0 sp=0x40007f3320 pc=0x934ff0
github.com/gin-gonic/gin.(*Context).Next(0x4000afa000)
	github.com/gin-gonic/gin@v1.9.1/context.go:174 +0x38 fp=0x40007f3410 sp=0x40007f33f0 pc=0x84cd58
github.com/tonylturner/containd/api/http.NewServerWithEngineAndServices.requireAdmin.func49(0x4000afa000)
	github.com/tonylturner/containd/api/http/auth.go:313 +0x80 fp=0x40007f3440 sp=0x40007f3410 pc=0x945480
github.com/gin-gonic/gin.(*Context).Next(...)
	github.com/gin-gonic/gin@v1.9.1/context.go:174
github.com/tonylturner/containd/api/http.handleLabAuth(0x4000afa000, {0xd90f58, 0x4000692070}, {0x1, {0x400003a035, 0x8}, {0x0, 0x0}, {0x1567ba0, 0x0, ...}})
	github.com/tonylturner/containd/api/http/auth.go:90 +0x178 fp=0x40007f3480 sp=0x40007f3440 pc=0x90b848
github.com/tonylturner/containd/api/http.authMiddleware.func1(0x40008f9f80?)
	github.com/tonylturner/containd/api/http/auth.go:57 +0x7c fp=0x40007f34f0 sp=0x40007f3480 pc=0x90b6ac
github.com/gin-gonic/gin.(*Context).Next(...)
	github.com/gin-gonic/gin@v1.9.1/context.go:174
github.com/tonylturner/containd/api/http.enforceSameOriginOnCookieAuth.func1(0x4000afa000)
	github.com/tonylturner/containd/api/http/util.go:158 +0x57c fp=0x40007f3550 sp=0x40007f34f0 pc=0x941b8c
github.com/gin-gonic/gin.(*Context).Next(0x4000afa000)
	github.com/gin-gonic/gin@v1.9.1/context.go:174 +0x38 fp=0x40007f3570 sp=0x40007f3550 pc=0x84cd58
github.com/tonylturner/containd/api/http.NewServerWithEngineAndServices.limitRequestBody.func3(0x4000afa000)
	github.com/tonylturner/containd/api/http/util.go:140 +0x1ec fp=0x40007f35d0 sp=0x40007f3570 pc=0x9396fc
github.com/gin-gonic/gin.(*Context).Next(0x4000afa000)
	github.com/gin-gonic/gin@v1.9.1/context.go:174 +0x38 fp=0x40007f35f0 sp=0x40007f35d0 pc=0x84cd58
github.com/tonylturner/containd/api/http.NewServerWithEngineAndServices.withAuditStore.func2(0x4000afa000?)
	github.com/tonylturner/containd/api/http/server.go:708 +0xb8 fp=0x40007f3630 sp=0x40007f35f0 pc=0x939838
github.com/gin-gonic/gin.(*Context).Next(...)
	github.com/gin-gonic/gin@v1.9.1/context.go:174
github.com/tonylturner/containd/api/http.NewServerWithEngineAndServices.func1(0x4000afa000)
	github.com/tonylturner/containd/api/http/server.go:171 +0xac fp=0x40007f3670 sp=0x40007f3630 pc=0x942e7c
github.com/gin-gonic/gin.(*Context).Next(...)
	github.com/gin-gonic/gin@v1.9.1/context.go:174
github.com/gin-gonic/gin.CustomRecoveryWithWriter.func1(0x4000afa000)
	github.com/gin-gonic/gin@v1.9.1/recovery.go:102 +0x68 fp=0x40007f36c0 sp=0x40007f3670 pc=0x857c88
github.com/gin-gonic/gin.(*Context).Next(...)
	github.com/gin-gonic/gin@v1.9.1/context.go:174
github.com/gin-gonic/gin.LoggerWithConfig.func1(0x4000afa000)
	github.com/gin-gonic/gin@v1.9.1/logger.go:240 +0xa0 fp=0x40007f3890 sp=0x40007f36c0 pc=0x857080
github.com/gin-gonic/gin.(*Context).Next(...)
	github.com/gin-gonic/gin@v1.9.1/context.go:174
github.com/gin-gonic/gin.(*Engine).handleHTTPRequest(0x40004164e0, 0x4000afa000)
	github.com/gin-gonic/gin@v1.9.1/gin.go:620 +0x4bc fp=0x40007f39b0 sp=0x40007f3890 pc=0x8566fc
github.com/gin-gonic/gin.(*Engine).ServeHTTP(0x40004164e0, {0xd82a40, 0x40007a0690}, 0x4000000280)
	github.com/gin-gonic/gin@v1.9.1/gin.go:576 +0x154 fp=0x40007f39f0 sp=0x40007f39b0 pc=0x8560d4
github.com/tonylturner/containd/pkg/app/mgmt.Run.mgmtAccessHandler.func2({0xd82a40, 0x40007a0690}, 0x4000000280)
	github.com/tonylturner/containd/pkg/app/mgmt/http_support.go:180 +0x13c fp=0x40007f3a70 sp=0x40007f39f0 pc=0x984c5c
net/http.HandlerFunc.ServeHTTP(0x4000100008?, {0xd82a40?, 0x40007a0690?}, 0x2aa8c?)
	net/http/server.go:2322 +0x38 fp=0x40007f3aa0 sp=0x40007f3a70 pc=0x2ec668
github.com/tonylturner/containd/pkg/app/mgmt.hstsHandler.func1({0xd82a40?, 0x40007a0690?}, 0x400071e0a8?)
	github.com/tonylturner/containd/pkg/app/mgmt/tls_support.go:58 +0x12c fp=0x40007f3b10 sp=0x40007f3aa0 pc=0x98ac4c
net/http.HandlerFunc.ServeHTTP(0x0?, {0xd82a40?, 0x40007a0690?}, 0x40000ebb50?)
	net/http/server.go:2322 +0x38 fp=0x40007f3b40 sp=0x40007f3b10 pc=0x2ec668
net/http.serverHandler.ServeHTTP({0x400021b440?}, {0xd82a40?, 0x40007a0690?}, 0x1?)
	net/http/server.go:3340 +0xb0 fp=0x40007f3b70 sp=0x40007f3b40 pc=0x309890
net/http.(*conn).serve(0x400058b440, {0xd83fd8, 0x4000578ea0})
	net/http/server.go:2109 +0x528 fp=0x40007f3fa0 sp=0x40007f3b70 pc=0x2eaa58
net/http.(*Server).Serve.gowrap3()
	net/http/server.go:3493 +0x2c fp=0x40007f3fd0 sp=0x40007f3fa0 pc=0x2efd9c
runtime.goexit({})
	runtime/asm_arm64.s:1268 +0x4 fp=0x40007f3fd0 sp=0x40007f3fd0 pc=0x920c4
created by net/http.(*Server).Serve in goroutine 32
	net/http/server.go:3493 +0x384

goroutine 330 gp=0x4000682c40 m=nil [select]:
runtime.gopark(0x40007ccf90?, 0x2?, 0x38?, 0xce?, 0x40007ccf74?)
	runtime/proc.go:460 +0xc0 fp=0x40007ccdf0 sp=0x40007ccdd0 pc=0x8a190
runtime.selectgo(0x40007ccf90, 0x40007ccf70, 0x0?, 0x0, 0x2?, 0x1)
	runtime/select.go:351 +0x6bc fp=0x40007ccf30 sp=0x40007ccdf0 pc=0x69d9c
github.com/tonylturner/containd/pkg/dp/engine.(*Engine).Start.func2()
	github.com/tonylturner/containd/pkg/dp/engine/engine.go:275 +0xd0 fp=0x40007ccfd0 sp=0x40007ccf30 pc=0x6aae00
runtime.goexit({})
	runtime/asm_arm64.s:1268 +0x4 fp=0x40007ccfd0 sp=0x40007ccfd0 pc=0x920c4
created by github.com/tonylturner/containd/pkg/dp/engine.(*Engine).Start in goroutine 302
	github.com/tonylturner/containd/pkg/dp/engine/engine.go:271 +0x594

goroutine 993 gp=0x4000682e00 m=nil [select]:
runtime.gopark(0x40000edf90?, 0x2?, 0x38?, 0xde?, 0x40000edf74?)
	runtime/proc.go:460 +0xc0 fp=0x40000eddf0 sp=0x40000eddd0 pc=0x8a190
runtime.selectgo(0x40000edf90, 0x40000edf70, 0x4000724250?, 0x0, 0xe0000?, 0x1)
	runtime/select.go:351 +0x6bc fp=0x40000edf30 sp=0x40000eddf0 pc=0x69d9c
github.com/tonylturner/containd/pkg/dp/engine.(*Engine).Start.func2()
	github.com/tonylturner/containd/pkg/dp/engine/engine.go:275 +0xd0 fp=0x40000edfd0 sp=0x40000edf30 pc=0x6aae00
runtime.goexit({})
	runtime/asm_arm64.s:1268 +0x4 fp=0x40000edfd0 sp=0x40000edfd0 pc=0x920c4
created by github.com/tonylturner/containd/pkg/dp/engine.(*Engine).Start in goroutine 979
	github.com/tonylturner/containd/pkg/dp/engine/engine.go:271 +0x594

goroutine 1614 gp=0x400048c8c0 m=nil [select]:
runtime.gopark(0x4000179f90?, 0x2?, 0x38?, 0x9e?, 0x4000179f74?)
	runtime/proc.go:460 +0xc0 fp=0x4000179df0 sp=0x4000179dd0 pc=0x8a190
runtime.selectgo(0x4000179f90, 0x4000179f70, 0x400021af50?, 0x0, 0x170000?, 0x1)
	runtime/select.go:351 +0x6bc fp=0x4000179f30 sp=0x4000179df0 pc=0x69d9c
github.com/tonylturner/containd/pkg/dp/engine.(*Engine).Start.func2()
	github.com/tonylturner/containd/pkg/dp/engine/engine.go:275 +0xd0 fp=0x4000179fd0 sp=0x4000179f30 pc=0x6aae00
runtime.goexit({})
	runtime/asm_arm64.s:1268 +0x4 fp=0x4000179fd0 sp=0x4000179fd0 pc=0x920c4
created by github.com/tonylturner/containd/pkg/dp/engine.(*Engine).Start in goroutine 1584
	github.com/tonylturner/containd/pkg/dp/engine/engine.go:271 +0x594

goroutine 1765 gp=0x400048ca80 m=nil [select]:
runtime.gopark(0x40004d4f90?, 0x2?, 0x38?, 0x4e?, 0x40004d4f74?)
	runtime/proc.go:460 +0xc0 fp=0x40004d4df0 sp=0x40004d4dd0 pc=0x8a190
runtime.selectgo(0x40004d4f90, 0x40004d4f70, 0x4000590d10?, 0x0, 0x4d0000?, 0x1)
	runtime/select.go:351 +0x6bc fp=0x40004d4f30 sp=0x40004d4df0 pc=0x69d9c
github.com/tonylturner/containd/pkg/dp/engine.(*Engine).Start.func2()
	github.com/tonylturner/containd/pkg/dp/engine/engine.go:275 +0xd0 fp=0x40004d4fd0 sp=0x40004d4f30 pc=0x6aae00
runtime.goexit({})
	runtime/asm_arm64.s:1268 +0x4 fp=0x40004d4fd0 sp=0x40004d4fd0 pc=0x920c4
created by github.com/tonylturner/containd/pkg/dp/engine.(*Engine).Start in goroutine 1591
	github.com/tonylturner/containd/pkg/dp/engine/engine.go:271 +0x594

goroutine 427 gp=0x4000602fc0 m=nil [select]:
runtime.gopark(0x40007cdf90?, 0x2?, 0x38?, 0xde?, 0x40007cdf74?)
	runtime/proc.go:460 +0xc0 fp=0x40007cddf0 sp=0x40007cddd0 pc=0x8a190
runtime.selectgo(0x40007cdf90, 0x40007cdf70, 0x4000320450?, 0x0, 0x7c0000?, 0x1)
	runtime/select.go:351 +0x6bc fp=0x40007cdf30 sp=0x40007cddf0 pc=0x69d9c
github.com/tonylturner/containd/pkg/dp/engine.(*Engine).Start.func2()
	github.com/tonylturner/containd/pkg/dp/engine/engine.go:275 +0xd0 fp=0x40007cdfd0 sp=0x40007cdf30 pc=0x6aae00
runtime.goexit({})
	runtime/asm_arm64.s:1268 +0x4 fp=0x40007cdfd0 sp=0x40007cdfd0 pc=0x920c4
created by github.com/tonylturner/containd/pkg/dp/engine.(*Engine).Start in goroutine 397
	github.com/tonylturner/containd/pkg/dp/engine/engine.go:271 +0x594

goroutine 222 gp=0x4000980380 m=nil [select]:
runtime.gopark(0x4000083790?, 0x2?, 0x38?, 0x36?, 0x4000083774?)
	runtime/proc.go:460 +0xc0 fp=0x40000835f0 sp=0x40000835d0 pc=0x8a190
runtime.selectgo(0x4000083790, 0x4000083770, 0x4000724150?, 0x0, 0x40000837a8?, 0x1)
	runtime/select.go:351 +0x6bc fp=0x4000083730 sp=0x40000835f0 pc=0x69d9c
github.com/tonylturner/containd/pkg/dp/engine.(*Engine).Start.func2()
	github.com/tonylturner/containd/pkg/dp/engine/engine.go:275 +0xd0 fp=0x40000837d0 sp=0x4000083730 pc=0x6aae00
runtime.goexit({})
	runtime/asm_arm64.s:1268 +0x4 fp=0x40000837d0 sp=0x40000837d0 pc=0x920c4
created by github.com/tonylturner/containd/pkg/dp/engine.(*Engine).Start in goroutine 193
	github.com/tonylturner/containd/pkg/dp/engine/engine.go:271 +0x594

goroutine 469 gp=0x4000980540 m=nil [select]:
runtime.gopark(0x40007c6f90?, 0x2?, 0x38?, 0x6e?, 0x40007c6f74?)
	runtime/proc.go:460 +0xc0 fp=0x40007c6df0 sp=0x40007c6dd0 pc=0x8a190
runtime.selectgo(0x40007c6f90, 0x40007c6f70, 0x0?, 0x0, 0x0?, 0x1)
	runtime/select.go:351 +0x6bc fp=0x40007c6f30 sp=0x40007c6df0 pc=0x69d9c
github.com/tonylturner/containd/pkg/dp/engine.(*Engine).Start.func2()
	github.com/tonylturner/containd/pkg/dp/engine/engine.go:275 +0xd0 fp=0x40007c6fd0 sp=0x40007c6f30 pc=0x6aae00
runtime.goexit({})
	runtime/asm_arm64.s:1268 +0x4 fp=0x40007c6fd0 sp=0x40007c6fd0 pc=0x920c4
created by github.com/tonylturner/containd/pkg/dp/engine.(*Engine).Start in goroutine 437
	github.com/tonylturner/containd/pkg/dp/engine/engine.go:271 +0x594

goroutine 274 gp=0x400048cc40 m=nil [select]:
runtime.gopark(0x40000eef90?, 0x2?, 0x38?, 0xee?, 0x40000eef74?)
	runtime/proc.go:460 +0xc0 fp=0x40000eedf0 sp=0x40000eedd0 pc=0x8a190
runtime.selectgo(0x40000eef90, 0x40000eef70, 0x0?, 0x0, 0x0?, 0x1)
	runtime/select.go:351 +0x6bc fp=0x40000eef30 sp=0x40000eedf0 pc=0x69d9c
github.com/tonylturner/containd/pkg/dp/engine.(*Engine).Start.func2()
	github.com/tonylturner/containd/pkg/dp/engine/engine.go:275 +0xd0 fp=0x40000eefd0 sp=0x40000eef30 pc=0x6aae00
runtime.goexit({})
	runtime/asm_arm64.s:1268 +0x4 fp=0x40000eefd0 sp=0x40000eefd0 pc=0x920c4
created by github.com/tonylturner/containd/pkg/dp/engine.(*Engine).Start in goroutine 244
	github.com/tonylturner/containd/pkg/dp/engine/engine.go:271 +0x594

goroutine 289 gp=0x400048ce00 m=nil [select]:
runtime.gopark(0x40000f4f90?, 0x2?, 0x38?, 0x4e?, 0x40000f4f74?)
	runtime/proc.go:460 +0xc0 fp=0x40000f4df0 sp=0x40000f4dd0 pc=0x8a190
runtime.selectgo(0x40000f4f90, 0x40000f4f70, 0x40000f4f88?, 0x0, 0xec3c0000?, 0x1)
	runtime/select.go:351 +0x6bc fp=0x40000f4f30 sp=0x40000f4df0 pc=0x69d9c
github.com/tonylturner/containd/pkg/dp/engine.(*Engine).Start.func2()
	github.com/tonylturner/containd/pkg/dp/engine/engine.go:275 +0xd0 fp=0x40000f4fd0 sp=0x40000f4f30 pc=0x6aae00
runtime.goexit({})
	runtime/asm_arm64.s:1268 +0x4 fp=0x40000f4fd0 sp=0x40000f4fd0 pc=0x920c4
created by github.com/tonylturner/containd/pkg/dp/engine.(*Engine).Start in goroutine 115
	github.com/tonylturner/containd/pkg/dp/engine/engine.go:271 +0x594

goroutine 556 gp=0x400048cfc0 m=nil [select]:
runtime.gopark(0x40003aaf90?, 0x2?, 0x38?, 0xae?, 0x40003aaf74?)
	runtime/proc.go:460 +0xc0 fp=0x40003aadf0 sp=0x40003aadd0 pc=0x8a190
runtime.selectgo(0x40003aaf90, 0x40003aaf70, 0x0?, 0x0, 0x2?, 0x1)
	runtime/select.go:351 +0x6bc fp=0x40003aaf30 sp=0x40003aadf0 pc=0x69d9c
github.com/tonylturner/containd/pkg/dp/engine.(*Engine).Start.func2()
	github.com/tonylturner/containd/pkg/dp/engine/engine.go:275 +0xd0 fp=0x40003aafd0 sp=0x40003aaf30 pc=0x6aae00
runtime.goexit({})
	runtime/asm_arm64.s:1268 +0x4 fp=0x40003aafd0 sp=0x40003aafd0 pc=0x920c4
created by github.com/tonylturner/containd/pkg/dp/engine.(*Engine).Start in goroutine 430
	github.com/tonylturner/containd/pkg/dp/engine/engine.go:271 +0x594

goroutine 341 gp=0x400048d180 m=nil [select]:
runtime.gopark(0x40000f5f90?, 0x2?, 0x38?, 0x5e?, 0x40000f5f74?)
	runtime/proc.go:460 +0xc0 fp=0x40000f5df0 sp=0x40000f5dd0 pc=0x8a190
runtime.selectgo(0x40000f5f90, 0x40000f5f70, 0x4000590b50?, 0x0, 0xf0000?, 0x1)
	runtime/select.go:351 +0x6bc fp=0x40000f5f30 sp=0x40000f5df0 pc=0x69d9c
github.com/tonylturner/containd/pkg/dp/engine.(*Engine).Start.func2()
	github.com/tonylturner/containd/pkg/dp/engine/engine.go:275 +0xd0 fp=0x40000f5fd0 sp=0x40000f5f30 pc=0x6aae00
runtime.goexit({})
	runtime/asm_arm64.s:1268 +0x4 fp=0x40000f5fd0 sp=0x40000f5fd0 pc=0x920c4
created by github.com/tonylturner/containd/pkg/dp/engine.(*Engine).Start in goroutine 263
	github.com/tonylturner/containd/pkg/dp/engine/engine.go:271 +0x594

goroutine 595 gp=0x4000103340 m=nil [select]:
runtime.gopark(0x400079df90?, 0x2?, 0x0?, 0x0?, 0x400079df74?)
	runtime/proc.go:460 +0xc0 fp=0x400079ddf0 sp=0x400079ddd0 pc=0x8a190
runtime.selectgo(0x400079df90, 0x400079df70, 0x0?, 0x0, 0x2?, 0x1)
	runtime/select.go:351 +0x6bc fp=0x400079df30 sp=0x400079ddf0 pc=0x69d9c
github.com/tonylturner/containd/pkg/dp/engine.(*Engine).Start.func2()
	github.com/tonylturner/containd/pkg/dp/engine/engine.go:275 +0xd0 fp=0x400079dfd0 sp=0x400079df30 pc=0x6aae00
runtime.goexit({})
	runtime/asm_arm64.s:1268 +0x4 fp=0x400079dfd0 sp=0x400079dfd0 pc=0x920c4
created by github.com/tonylturner/containd/pkg/dp/engine.(*Engine).Start in goroutine 581
	github.com/tonylturner/containd/pkg/dp/engine/engine.go:271 +0x594

goroutine 390 gp=0x4000585a40 m=nil [select]:
runtime.gopark(0x40007cbf90?, 0x2?, 0x38?, 0xbe?, 0x40007cbf74?)
	runtime/proc.go:460 +0xc0 fp=0x40007cbdf0 sp=0x40007cbdd0 pc=0x8a190
runtime.selectgo(0x40007cbf90, 0x40007cbf70, 0x4000590f90?, 0x0, 0x7c0000?, 0x1)
	runtime/select.go:351 +0x6bc fp=0x40007cbf30 sp=0x40007cbdf0 pc=0x69d9c
github.com/tonylturner/containd/pkg/dp/engine.(*Engine).Start.func2()
	github.com/tonylturner/containd/pkg/dp/engine/engine.go:275 +0xd0 fp=0x40007cbfd0 sp=0x40007cbf30 pc=0x6aae00
runtime.goexit({})
	runtime/asm_arm64.s:1268 +0x4 fp=0x40007cbfd0 sp=0x40007cbfd0 pc=0x920c4
created by github.com/tonylturner/containd/pkg/dp/engine.(*Engine).Start in goroutine 376
	github.com/tonylturner/containd/pkg/dp/engine/engine.go:271 +0x594

goroutine 414 gp=0x400048d340 m=nil [select]:
runtime.gopark(0x4000122f90?, 0x2?, 0x38?, 0x2e?, 0x4000122f74?)
	runtime/proc.go:460 +0xc0 fp=0x4000122df0 sp=0x4000122dd0 pc=0x8a190
runtime.selectgo(0x4000122f90, 0x4000122f70, 0x0?, 0x0, 0x2?, 0x1)
	runtime/select.go:351 +0x6bc fp=0x4000122f30 sp=0x4000122df0 pc=0x69d9c
github.com/tonylturner/containd/pkg/dp/engine.(*Engine).Start.func2()
	github.com/tonylturner/containd/pkg/dp/engine/engine.go:275 +0xd0 fp=0x4000122fd0 sp=0x4000122f30 pc=0x6aae00
runtime.goexit({})
	runtime/asm_arm64.s:1268 +0x4 fp=0x4000122fd0 sp=0x4000122fd0 pc=0x920c4
created by github.com/tonylturner/containd/pkg/dp/engine.(*Engine).Start in goroutine 181
	github.com/tonylturner/containd/pkg/dp/engine/engine.go:271 +0x594

goroutine 404 gp=0x400048d500 m=nil [select]:
runtime.gopark(0x40007c9f90?, 0x2?, 0x2?, 0x0?, 0x40007c9f74?)
	runtime/proc.go:460 +0xc0 fp=0x40007c9df0 sp=0x40007c9dd0 pc=0x8a190
runtime.selectgo(0x40007c9f90, 0x40007c9f70, 0x40007c9f88?, 0x0, 0xfc2c0000?, 0x1)
	runtime/select.go:351 +0x6bc fp=0x40007c9f30 sp=0x40007c9df0 pc=0x69d9c
github.com/tonylturner/containd/pkg/dp/engine.(*Engine).Start.func2()
	github.com/tonylturner/containd/pkg/dp/engine/engine.go:275 +0xd0 fp=0x40007c9fd0 sp=0x40007c9f30 pc=0x6aae00
runtime.goexit({})
	runtime/asm_arm64.s:1268 +0x4 fp=0x40007c9fd0 sp=0x40007c9fd0 pc=0x920c4
created by github.com/tonylturner/containd/pkg/dp/engine.(*Engine).Start in goroutine 358
	github.com/tonylturner/containd/pkg/dp/engine/engine.go:271 +0x594

goroutine 739 gp=0x400048d6c0 m=nil [select]:
runtime.gopark(0x4000774f90?, 0x2?, 0x38?, 0x4e?, 0x4000774f74?)
	runtime/proc.go:460 +0xc0 fp=0x4000774df0 sp=0x4000774dd0 pc=0x8a190
runtime.selectgo(0x4000774f90, 0x4000774f70, 0x4000774f88?, 0x0, 0x72b2954da?, 0x1)
	runtime/select.go:351 +0x6bc fp=0x4000774f30 sp=0x4000774df0 pc=0x69d9c
github.com/tonylturner/containd/pkg/dp/engine.(*Engine).Start.func2()
	github.com/tonylturner/containd/pkg/dp/engine/engine.go:275 +0xd0 fp=0x4000774fd0 sp=0x4000774f30 pc=0x6aae00
runtime.goexit({})
	runtime/asm_arm64.s:1268 +0x4 fp=0x4000774fd0 sp=0x4000774fd0 pc=0x920c4
created by github.com/tonylturner/containd/pkg/dp/engine.(*Engine).Start in goroutine 723
	github.com/tonylturner/containd/pkg/dp/engine/engine.go:271 +0x594

goroutine 812 gp=0x400048d880 m=nil [select]:
runtime.gopark(0x40003b1f90?, 0x2?, 0x38?, 0x1e?, 0x40003b1f74?)
	runtime/proc.go:460 +0xc0 fp=0x40003b1df0 sp=0x40003b1dd0 pc=0x8a190
runtime.selectgo(0x40003b1f90, 0x40003b1f70, 0x400056f050?, 0x0, 0x3b0000?, 0x1)
	runtime/select.go:351 +0x6bc fp=0x40003b1f30 sp=0x40003b1df0 pc=0x69d9c
github.com/tonylturner/containd/pkg/dp/engine.(*Engine).Start.func2()
	github.com/tonylturner/containd/pkg/dp/engine/engine.go:275 +0xd0 fp=0x40003b1fd0 sp=0x40003b1f30 pc=0x6aae00
runtime.goexit({})
	runtime/asm_arm64.s:1268 +0x4 fp=0x40003b1fd0 sp=0x40003b1fd0 pc=0x920c4
created by github.com/tonylturner/containd/pkg/dp/engine.(*Engine).Start in goroutine 730
	github.com/tonylturner/containd/pkg/dp/engine/engine.go:271 +0x594

goroutine 95 gp=0x4000900380 m=nil [select]:
runtime.gopark(0x4000794f90?, 0x2?, 0x38?, 0x4e?, 0x4000794f74?)
	runtime/proc.go:460 +0xc0 fp=0x4000794df0 sp=0x4000794dd0 pc=0x8a190
runtime.selectgo(0x4000794f90, 0x4000794f70, 0x0?, 0x0, 0x0?, 0x1)
	runtime/select.go:351 +0x6bc fp=0x4000794f30 sp=0x4000794df0 pc=0x69d9c
github.com/tonylturner/containd/pkg/dp/engine.(*Engine).Start.func2()
	github.com/tonylturner/containd/pkg/dp/engine/engine.go:275 +0xd0 fp=0x4000794fd0 sp=0x4000794f30 pc=0x6aae00
runtime.goexit({})
	runtime/asm_arm64.s:1268 +0x4 fp=0x4000794fd0 sp=0x4000794fd0 pc=0x920c4
created by github.com/tonylturner/containd/pkg/dp/engine.(*Engine).Start in goroutine 192
	github.com/tonylturner/containd/pkg/dp/engine/engine.go:271 +0x594

goroutine 604 gp=0x4000900540 m=nil [select]:
runtime.gopark(0x400011ff90?, 0x2?, 0x38?, 0xfe?, 0x400011ff74?)
	runtime/proc.go:460 +0xc0 fp=0x400011fdf0 sp=0x400011fdd0 pc=0x8a190
runtime.selectgo(0x400011ff90, 0x400011ff70, 0x400011ff88?, 0x0, 0x701796510?, 0x1)
	runtime/select.go:351 +0x6bc fp=0x400011ff30 sp=0x400011fdf0 pc=0x69d9c
github.com/tonylturner/containd/pkg/dp/engine.(*Engine).Start.func2()
	github.com/tonylturner/containd/pkg/dp/engine/engine.go:275 +0xd0 fp=0x400011ffd0 sp=0x400011ff30 pc=0x6aae00
runtime.goexit({})
	runtime/asm_arm64.s:1268 +0x4 fp=0x400011ffd0 sp=0x400011ffd0 pc=0x920c4
created by github.com/tonylturner/containd/pkg/dp/engine.(*Engine).Start in goroutine 619
	github.com/tonylturner/containd/pkg/dp/engine/engine.go:271 +0x594

goroutine 491 gp=0x4000900700 m=nil [select]:
runtime.gopark(0x40003acf90?, 0x2?, 0x38?, 0xce?, 0x40003acf74?)
	runtime/proc.go:460 +0xc0 fp=0x40003acdf0 sp=0x40003acdd0 pc=0x8a190
runtime.selectgo(0x40003acf90, 0x40003acf70, 0x4000724d50?, 0x0, 0x40003acfa8?, 0x1)
	runtime/select.go:351 +0x6bc fp=0x40003acf30 sp=0x40003acdf0 pc=0x69d9c
github.com/tonylturner/containd/pkg/dp/engine.(*Engine).Start.func2()
	github.com/tonylturner/containd/pkg/dp/engine/engine.go:275 +0xd0 fp=0x40003acfd0 sp=0x40003acf30 pc=0x6aae00
runtime.goexit({})
	runtime/asm_arm64.s:1268 +0x4 fp=0x40003acfd0 sp=0x40003acfd0 pc=0x920c4
created by github.com/tonylturner/containd/pkg/dp/engine.(*Engine).Start in goroutine 483
	github.com/tonylturner/containd/pkg/dp/engine/engine.go:271 +0x594

goroutine 510 gp=0x4000585c00 m=nil [select]:
runtime.gopark(0x40007c7f90?, 0x2?, 0x38?, 0x7e?, 0x40007c7f74?)
	runtime/proc.go:460 +0xc0 fp=0x40007c7df0 sp=0x40007c7dd0 pc=0x8a190
runtime.selectgo(0x40007c7f90, 0x40007c7f70, 0x40007c7f88?, 0x0, 0xc380000?, 0x1)
	runtime/select.go:351 +0x6bc fp=0x40007c7f30 sp=0x40007c7df0 pc=0x69d9c
github.com/tonylturner/containd/pkg/dp/engine.(*Engine).Start.func2()
	github.com/tonylturner/containd/pkg/dp/engine/engine.go:275 +0xd0 fp=0x40007c7fd0 sp=0x40007c7f30 pc=0x6aae00
runtime.goexit({})
	runtime/asm_arm64.s:1268 +0x4 fp=0x40007c7fd0 sp=0x40007c7fd0 pc=0x920c4
created by github.com/tonylturner/containd/pkg/dp/engine.(*Engine).Start in goroutine 480
	github.com/tonylturner/containd/pkg/dp/engine/engine.go:271 +0x594

goroutine 571 gp=0x4000585dc0 m=nil [select]:
runtime.gopark(0x40000eaf90?, 0x2?, 0x38?, 0xae?, 0x40000eaf74?)
	runtime/proc.go:460 +0xc0 fp=0x40000eadf0 sp=0x40000eadd0 pc=0x8a190
runtime.selectgo(0x40000eaf90, 0x40000eaf70, 0x40000eaf88?, 0x0, 0xb980000?, 0x1)
	runtime/select.go:351 +0x6bc fp=0x40000eaf30 sp=0x40000eadf0 pc=0x69d9c
github.com/tonylturner/containd/pkg/dp/engine.(*Engine).Start.func2()
	github.com/tonylturner/containd/pkg/dp/engine/engine.go:275 +0xd0 fp=0x40000eafd0 sp=0x40000eaf30 pc=0x6aae00
runtime.goexit({})
	runtime/asm_arm64.s:1268 +0x4 fp=0x40000eafd0 sp=0x40000eafd0 pc=0x920c4
created by github.com/tonylturner/containd/pkg/dp/engine.(*Engine).Start in goroutine 525
	github.com/tonylturner/containd/pkg/dp/engine/engine.go:271 +0x594

goroutine 1194 gp=0x40009008c0 m=nil [select]:
runtime.gopark(0x4000577f90?, 0x2?, 0x38?, 0x7e?, 0x4000577f74?)
	runtime/proc.go:460 +0xc0 fp=0x4000577df0 sp=0x4000577dd0 pc=0x8a190
runtime.selectgo(0x4000577f90, 0x4000577f70, 0x4000577f88?, 0x0, 0x76574b20a?, 0x1)
	runtime/select.go:351 +0x6bc fp=0x4000577f30 sp=0x4000577df0 pc=0x69d9c
github.com/tonylturner/containd/pkg/dp/engine.(*Engine).Start.func2()
	github.com/tonylturner/containd/pkg/dp/engine/engine.go:275 +0xd0 fp=0x4000577fd0 sp=0x4000577f30 pc=0x6aae00
runtime.goexit({})
	runtime/asm_arm64.s:1268 +0x4 fp=0x4000577fd0 sp=0x4000577fd0 pc=0x920c4
created by github.com/tonylturner/containd/pkg/dp/engine.(*Engine).Start in goroutine 1180
	github.com/tonylturner/containd/pkg/dp/engine/engine.go:271 +0x594

goroutine 855 gp=0x400048da40 m=nil [select]:
runtime.gopark(0x4000176f90?, 0x2?, 0x38?, 0x6e?, 0x4000176f74?)
	runtime/proc.go:460 +0xc0 fp=0x4000176df0 sp=0x4000176dd0 pc=0x8a190
runtime.selectgo(0x4000176f90, 0x4000176f70, 0x4000176f88?, 0x0, 0x25410000?, 0x1)
	runtime/select.go:351 +0x6bc fp=0x4000176f30 sp=0x4000176df0 pc=0x69d9c
github.com/tonylturner/containd/pkg/dp/engine.(*Engine).Start.func2()
	github.com/tonylturner/containd/pkg/dp/engine/engine.go:275 +0xd0 fp=0x4000176fd0 sp=0x4000176f30 pc=0x6aae00
runtime.goexit({})
	runtime/asm_arm64.s:1268 +0x4 fp=0x4000176fd0 sp=0x4000176fd0 pc=0x920c4
created by github.com/tonylturner/containd/pkg/dp/engine.(*Engine).Start in goroutine 833
	github.com/tonylturner/containd/pkg/dp/engine/engine.go:271 +0x594

goroutine 671 gp=0x4000900a80 m=nil [select]:
runtime.gopark(0x40003adf90?, 0x2?, 0x38?, 0xde?, 0x40003adf74?)
	runtime/proc.go:460 +0xc0 fp=0x40003addf0 sp=0x40003addd0 pc=0x8a190
runtime.selectgo(0x40003adf90, 0x40003adf70, 0x8080808080808080?, 0x0, 0x0?, 0x1)
	runtime/select.go:351 +0x6bc fp=0x40003adf30 sp=0x40003addf0 pc=0x69d9c
github.com/tonylturner/containd/pkg/dp/engine.(*Engine).Start.func2()
	github.com/tonylturner/containd/pkg/dp/engine/engine.go:275 +0xd0 fp=0x40003adfd0 sp=0x40003adf30 pc=0x6aae00
runtime.goexit({})
	runtime/asm_arm64.s:1268 +0x4 fp=0x40003adfd0 sp=0x40003adfd0 pc=0x920c4
created by github.com/tonylturner/containd/pkg/dp/engine.(*Engine).Start in goroutine 657
	github.com/tonylturner/containd/pkg/dp/engine/engine.go:271 +0x594

goroutine 520 gp=0x4000900c40 m=nil [select]:
runtime.gopark(0x40003aff90?, 0x2?, 0x38?, 0xfe?, 0x40003aff74?)
	runtime/proc.go:460 +0xc0 fp=0x40003afdf0 sp=0x40003afdd0 pc=0x8a190
runtime.selectgo(0x40003aff90, 0x40003aff70, 0x40003aff88?, 0x0, 0x10960000?, 0x1)
	runtime/select.go:351 +0x6bc fp=0x40003aff30 sp=0x40003afdf0 pc=0x69d9c
github.com/tonylturner/containd/pkg/dp/engine.(*Engine).Start.func2()
	github.com/tonylturner/containd/pkg/dp/engine/engine.go:275 +0xd0 fp=0x40003affd0 sp=0x40003aff30 pc=0x6aae00
runtime.goexit({})
	runtime/asm_arm64.s:1268 +0x4 fp=0x40003affd0 sp=0x40003affd0 pc=0x920c4
created by github.com/tonylturner/containd/pkg/dp/engine.(*Engine).Start in goroutine 314
	github.com/tonylturner/containd/pkg/dp/engine/engine.go:271 +0x594

goroutine 1480 gp=0x4000900e00 m=nil [select]:
runtime.gopark(0x40003b0f90?, 0x2?, 0x38?, 0xe?, 0x40003b0f74?)
	runtime/proc.go:460 +0xc0 fp=0x40003b0df0 sp=0x40003b0dd0 pc=0x8a190
runtime.selectgo(0x40003b0f90, 0x40003b0f70, 0x40003b0f88?, 0x0, 0x789eea81b?, 0x1)
	runtime/select.go:351 +0x6bc fp=0x40003b0f30 sp=0x40003b0df0 pc=0x69d9c
github.com/tonylturner/containd/pkg/dp/engine.(*Engine).Start.func2()
	github.com/tonylturner/containd/pkg/dp/engine/engine.go:275 +0xd0 fp=0x40003b0fd0 sp=0x40003b0f30 pc=0x6aae00
runtime.goexit({})
	runtime/asm_arm64.s:1268 +0x4 fp=0x40003b0fd0 sp=0x40003b0fd0 pc=0x920c4
created by github.com/tonylturner/containd/pkg/dp/engine.(*Engine).Start in goroutine 1386
	github.com/tonylturner/containd/pkg/dp/engine/engine.go:271 +0x594

goroutine 614 gp=0x400048dc00 m=nil [select]:
runtime.gopark(0x4000806f90?, 0x2?, 0x38?, 0x6e?, 0x4000806f74?)
	runtime/proc.go:460 +0xc0 fp=0x4000806df0 sp=0x4000806dd0 pc=0x8a190
runtime.selectgo(0x4000806f90, 0x4000806f70, 0x0?, 0x0, 0x0?, 0x1)
	runtime/select.go:351 +0x6bc fp=0x4000806f30 sp=0x4000806df0 pc=0x69d9c
github.com/tonylturner/containd/pkg/dp/engine.(*Engine).Start.func2()
	github.com/tonylturner/containd/pkg/dp/engine/engine.go:275 +0xd0 fp=0x4000806fd0 sp=0x4000806f30 pc=0x6aae00
runtime.goexit({})
	runtime/asm_arm64.s:1268 +0x4 fp=0x4000806fd0 sp=0x4000806fd0 pc=0x920c4
created by github.com/tonylturner/containd/pkg/dp/engine.(*Engine).Start in goroutine 532
	github.com/tonylturner/containd/pkg/dp/engine/engine.go:271 +0x594

goroutine 695 gp=0x400048ddc0 m=nil [select]:
runtime.gopark(0x40000bbf90?, 0x2?, 0x38?, 0xbe?, 0x40000bbf74?)
	runtime/proc.go:460 +0xc0 fp=0x40000bbdf0 sp=0x40000bbdd0 pc=0x8a190
runtime.selectgo(0x40000bbf90, 0x40000bbf70, 0x0?, 0x0, 0x0?, 0x1)
	runtime/select.go:351 +0x6bc fp=0x40000bbf30 sp=0x40000bbdf0 pc=0x69d9c
github.com/tonylturner/containd/pkg/dp/engine.(*Engine).Start.func2()
	github.com/tonylturner/containd/pkg/dp/engine/engine.go:275 +0xd0 fp=0x40000bbfd0 sp=0x40000bbf30 pc=0x6aae00
runtime.goexit({})
	runtime/asm_arm64.s:1268 +0x4 fp=0x40000bbfd0 sp=0x40000bbfd0 pc=0x920c4
created by github.com/tonylturner/containd/pkg/dp/engine.(*Engine).Start in goroutine 636
	github.com/tonylturner/containd/pkg/dp/engine/engine.go:271 +0x594

goroutine 799 gp=0x4000683180 m=nil [select]:
runtime.gopark(0x4000935f90?, 0x2?, 0x0?, 0x0?, 0x4000935f74?)
	runtime/proc.go:460 +0xc0 fp=0x4000935df0 sp=0x4000935dd0 pc=0x8a190
runtime.selectgo(0x4000935f90, 0x4000935f70, 0x0?, 0x0, 0x2?, 0x1)
	runtime/select.go:351 +0x6bc fp=0x4000935f30 sp=0x4000935df0 pc=0x69d9c
github.com/tonylturner/containd/pkg/dp/engine.(*Engine).Start.func2()
	github.com/tonylturner/containd/pkg/dp/engine/engine.go:275 +0xd0 fp=0x4000935fd0 sp=0x4000935f30 pc=0x6aae00
runtime.goexit({})
	runtime/asm_arm64.s:1268 +0x4 fp=0x4000935fd0 sp=0x4000935fd0 pc=0x920c4
created by github.com/tonylturner/containd/pkg/dp/engine.(*Engine).Start in goroutine 785
	github.com/tonylturner/containd/pkg/dp/engine/engine.go:271 +0x594

goroutine 650 gp=0x4000683340 m=nil [select]:
runtime.gopark(0x400011ef90?, 0x2?, 0x38?, 0xee?, 0x400011ef74?)
	runtime/proc.go:460 +0xc0 fp=0x400011edf0 sp=0x400011edd0 pc=0x8a190
runtime.selectgo(0x400011ef90, 0x400011ef70, 0x400011ef88?, 0x0, 0x1ff10000?, 0x1)
	runtime/select.go:351 +0x6bc fp=0x400011ef30 sp=0x400011edf0 pc=0x69d9c
github.com/tonylturner/containd/pkg/dp/engine.(*Engine).Start.func2()
	github.com/tonylturner/containd/pkg/dp/engine/engine.go:275 +0xd0 fp=0x400011efd0 sp=0x400011ef30 pc=0x6aae00
runtime.goexit({})
	runtime/asm_arm64.s:1268 +0x4 fp=0x400011efd0 sp=0x400011efd0 pc=0x920c4
created by github.com/tonylturner/containd/pkg/dp/engine.(*Engine).Start in goroutine 540
	github.com/tonylturner/containd/pkg/dp/engine/engine.go:271 +0x594

goroutine 1146 gp=0x4000900fc0 m=nil [select]:
runtime.gopark(0x4000779f90?, 0x2?, 0x38?, 0x9e?, 0x4000779f74?)
	runtime/proc.go:460 +0xc0 fp=0x4000779df0 sp=0x4000779dd0 pc=0x8a190
runtime.selectgo(0x4000779f90, 0x4000779f70, 0x4000779f88?, 0x0, 0x5f2f0000?, 0x1)
	runtime/select.go:351 +0x6bc fp=0x4000779f30 sp=0x4000779df0 pc=0x69d9c
github.com/tonylturner/containd/pkg/dp/engine.(*Engine).Start.func2()
	github.com/tonylturner/containd/pkg/dp/engine/engine.go:275 +0xd0 fp=0x4000779fd0 sp=0x4000779f30 pc=0x6aae00
runtime.goexit({})
	runtime/asm_arm64.s:1268 +0x4 fp=0x4000779fd0 sp=0x4000779fd0 pc=0x920c4
created by github.com/tonylturner/containd/pkg/dp/engine.(*Engine).Start in goroutine 1100
	github.com/tonylturner/containd/pkg/dp/engine/engine.go:271 +0x594

goroutine 1231 gp=0x4000683500 m=nil [select]:
runtime.gopark(0x4000776f90?, 0x2?, 0x38?, 0x6e?, 0x4000776f74?)
	runtime/proc.go:460 +0xc0 fp=0x4000776df0 sp=0x4000776dd0 pc=0x8a190
runtime.selectgo(0x4000776f90, 0x4000776f70, 0x4000724090?, 0x0, 0x770000?, 0x1)
	runtime/select.go:351 +0x6bc fp=0x4000776f30 sp=0x4000776df0 pc=0x69d9c
github.com/tonylturner/containd/pkg/dp/engine.(*Engine).Start.func2()
	github.com/tonylturner/containd/pkg/dp/engine/engine.go:275 +0xd0 fp=0x4000776fd0 sp=0x4000776f30 pc=0x6aae00
runtime.goexit({})
	runtime/asm_arm64.s:1268 +0x4 fp=0x4000776fd0 sp=0x4000776fd0 pc=0x920c4
created by github.com/tonylturner/containd/pkg/dp/engine.(*Engine).Start in goroutine 1217
	github.com/tonylturner/containd/pkg/dp/engine/engine.go:271 +0x594

goroutine 1113 gp=0x4000901180 m=nil [select]:
runtime.gopark(0x4000778f90?, 0x2?, 0x2?, 0x0?, 0x4000778f74?)
	runtime/proc.go:460 +0xc0 fp=0x4000778df0 sp=0x4000778dd0 pc=0x8a190
runtime.selectgo(0x4000778f90, 0x4000778f70, 0x40005900d0?, 0x0, 0x770000?, 0x1)
	runtime/select.go:351 +0x6bc fp=0x4000778f30 sp=0x4000778df0 pc=0x69d9c
github.com/tonylturner/containd/pkg/dp/engine.(*Engine).Start.func2()
	github.com/tonylturner/containd/pkg/dp/engine/engine.go:275 +0xd0 fp=0x4000778fd0 sp=0x4000778f30 pc=0x6aae00
runtime.goexit({})
	runtime/asm_arm64.s:1268 +0x4 fp=0x4000778fd0 sp=0x4000778fd0 pc=0x920c4
created by github.com/tonylturner/containd/pkg/dp/engine.(*Engine).Start in goroutine 1083
	github.com/tonylturner/containd/pkg/dp/engine/engine.go:271 +0x594

goroutine 687 gp=0x4000901340 m=nil [select]:
runtime.gopark(0x400051bf90?, 0x2?, 0x38?, 0xbe?, 0x400051bf74?)
	runtime/proc.go:460 +0xc0 fp=0x400051bdf0 sp=0x400051bdd0 pc=0x8a190
runtime.selectgo(0x400051bf90, 0x400051bf70, 0x0?, 0x0, 0x2?, 0x1)
	runtime/select.go:351 +0x6bc fp=0x400051bf30 sp=0x400051bdf0 pc=0x69d9c
github.com/tonylturner/containd/pkg/dp/engine.(*Engine).Start.func2()
	github.com/tonylturner/containd/pkg/dp/engine/engine.go:275 +0xd0 fp=0x400051bfd0 sp=0x400051bf30 pc=0x6aae00
runtime.goexit({})
	runtime/asm_arm64.s:1268 +0x4 fp=0x400051bfd0 sp=0x400051bfd0 pc=0x920c4
created by github.com/tonylturner/containd/pkg/dp/engine.(*Engine).Start in goroutine 633
	github.com/tonylturner/containd/pkg/dp/engine/engine.go:271 +0x594

goroutine 953 gp=0x4000901500 m=nil [select]:
runtime.gopark(0x40003c5f90?, 0x2?, 0x38?, 0x5e?, 0x40003c5f74?)
	runtime/proc.go:460 +0xc0 fp=0x40003c5df0 sp=0x40003c5dd0 pc=0x8a190
runtime.selectgo(0x40003c5f90, 0x40003c5f70, 0x0?, 0x0, 0x0?, 0x1)
	runtime/select.go:351 +0x6bc fp=0x40003c5f30 sp=0x40003c5df0 pc=0x69d9c
github.com/tonylturner/containd/pkg/dp/engine.(*Engine).Start.func2()
	github.com/tonylturner/containd/pkg/dp/engine/engine.go:275 +0xd0 fp=0x40003c5fd0 sp=0x40003c5f30 pc=0x6aae00
runtime.goexit({})
	runtime/asm_arm64.s:1268 +0x4 fp=0x40003c5fd0 sp=0x40003c5fd0 pc=0x920c4
created by github.com/tonylturner/containd/pkg/dp/engine.(*Engine).Start in goroutine 765
	github.com/tonylturner/containd/pkg/dp/engine/engine.go:271 +0x594

goroutine 758 gp=0x4000603500 m=nil [select]:
runtime.gopark(0x400017af90?, 0x2?, 0x38?, 0xae?, 0x400017af74?)
	runtime/proc.go:460 +0xc0 fp=0x400017adf0 sp=0x400017add0 pc=0x8a190
runtime.selectgo(0x400017af90, 0x400017af70, 0x400021a750?, 0x0, 0x170000?, 0x1)
	runtime/select.go:351 +0x6bc fp=0x400017af30 sp=0x400017adf0 pc=0x69d9c
github.com/tonylturner/containd/pkg/dp/engine.(*Engine).Start.func2()
	github.com/tonylturner/containd/pkg/dp/engine/engine.go:275 +0xd0 fp=0x400017afd0 sp=0x400017af30 pc=0x6aae00
runtime.goexit({})
	runtime/asm_arm64.s:1268 +0x4 fp=0x400017afd0 sp=0x400017afd0 pc=0x920c4
created by github.com/tonylturner/containd/pkg/dp/engine.(*Engine).Start in goroutine 744
	github.com/tonylturner/containd/pkg/dp/engine/engine.go:271 +0x594

goroutine 960 gp=0x40009016c0 m=nil [select]:
runtime.gopark(0x40004a4f90?, 0x2?, 0x38?, 0x4e?, 0x40004a4f74?)
	runtime/proc.go:460 +0xc0 fp=0x40004a4df0 sp=0x40004a4dd0 pc=0x8a190
runtime.selectgo(0x40004a4f90, 0x40004a4f70, 0x0?, 0x0, 0x0?, 0x1)
	runtime/select.go:351 +0x6bc fp=0x40004a4f30 sp=0x40004a4df0 pc=0x69d9c
github.com/tonylturner/containd/pkg/dp/engine.(*Engine).Start.func2()
	github.com/tonylturner/containd/pkg/dp/engine/engine.go:275 +0xd0 fp=0x40004a4fd0 sp=0x40004a4f30 pc=0x6aae00
runtime.goexit({})
	runtime/asm_arm64.s:1268 +0x4 fp=0x40004a4fd0 sp=0x40004a4fd0 pc=0x920c4
created by github.com/tonylturner/containd/pkg/dp/engine.(*Engine).Start in goroutine 968
	github.com/tonylturner/containd/pkg/dp/engine/engine.go:271 +0x594

goroutine 1400 gp=0x4000901880 m=nil [select]:
runtime.gopark(0x40000f8f90?, 0x2?, 0x38?, 0x8e?, 0x40000f8f74?)
	runtime/proc.go:460 +0xc0 fp=0x40000f8df0 sp=0x40000f8dd0 pc=0x8a190
runtime.selectgo(0x40000f8f90, 0x40000f8f70, 0x40003210d0?, 0x0, 0xf0000?, 0x1)
	runtime/select.go:351 +0x6bc fp=0x40000f8f30 sp=0x40000f8df0 pc=0x69d9c
github.com/tonylturner/containd/pkg/dp/engine.(*Engine).Start.func2()
	github.com/tonylturner/containd/pkg/dp/engine/engine.go:275 +0xd0 fp=0x40000f8fd0 sp=0x40000f8f30 pc=0x6aae00
runtime.goexit({})
	runtime/asm_arm64.s:1268 +0x4 fp=0x40000f8fd0 sp=0x40000f8fd0 pc=0x920c4
created by github.com/tonylturner/containd/pkg/dp/engine.(*Engine).Start in goroutine 1322
	github.com/tonylturner/containd/pkg/dp/engine/engine.go:271 +0x594

goroutine 775 gp=0x4000901a40 m=nil [select]:
runtime.gopark(0x40001968c0?, 0x2?, 0x38?, 0x5e?, 0x4000775f74?)
	runtime/proc.go:460 +0xc0 fp=0x4000775df0 sp=0x4000775dd0 pc=0x8a190
runtime.selectgo(0x4000775f90, 0x4000775f70, 0x0?, 0x0, 0x2?, 0x1)
	runtime/select.go:351 +0x6bc fp=0x4000775f30 sp=0x4000775df0 pc=0x69d9c
github.com/tonylturner/containd/pkg/dp/engine.(*Engine).Start.func2()
	github.com/tonylturner/containd/pkg/dp/engine/engine.go:275 +0xd0 fp=0x4000775fd0 sp=0x4000775f30 pc=0x6aae00
runtime.goexit({})
	runtime/asm_arm64.s:1268 +0x4 fp=0x4000775fd0 sp=0x4000775fd0 pc=0x920c4
created by github.com/tonylturner/containd/pkg/dp/engine.(*Engine).Start in goroutine 713
	github.com/tonylturner/containd/pkg/dp/engine/engine.go:271 +0x594

goroutine 1205 gp=0x4000901c00 m=nil [select]:
runtime.gopark(0x4000777f90?, 0x2?, 0x38?, 0x7e?, 0x4000777f74?)
	runtime/proc.go:460 +0xc0 fp=0x4000777df0 sp=0x4000777dd0 pc=0x8a190
runtime.selectgo(0x4000777f90, 0x4000777f70, 0x4000591150?, 0x0, 0x770000?, 0x1)
	runtime/select.go:351 +0x6bc fp=0x4000777f30 sp=0x4000777df0 pc=0x69d9c
github.com/tonylturner/containd/pkg/dp/engine.(*Engine).Start.func2()
	github.com/tonylturner/containd/pkg/dp/engine/engine.go:275 +0xd0 fp=0x4000777fd0 sp=0x4000777f30 pc=0x6aae00
runtime.goexit({})
	runtime/asm_arm64.s:1268 +0x4 fp=0x4000777fd0 sp=0x4000777fd0 pc=0x920c4
created by github.com/tonylturner/containd/pkg/dp/engine.(*Engine).Start in goroutine 1159
	github.com/tonylturner/containd/pkg/dp/engine/engine.go:271 +0x594

goroutine 830 gp=0x40006836c0 m=nil [select]:
runtime.gopark(0x4000121f90?, 0x2?, 0x38?, 0x1e?, 0x4000121f74?)
	runtime/proc.go:460 +0xc0 fp=0x4000121df0 sp=0x4000121dd0 pc=0x8a190
runtime.selectgo(0x4000121f90, 0x4000121f70, 0x4000121f88?, 0x0, 0x35b70000?, 0x1)
	runtime/select.go:351 +0x6bc fp=0x4000121f30 sp=0x4000121df0 pc=0x69d9c
github.com/tonylturner/containd/pkg/dp/engine.(*Engine).Start.func2()
	github.com/tonylturner/containd/pkg/dp/engine/engine.go:275 +0xd0 fp=0x4000121fd0 sp=0x4000121f30 pc=0x6aae00
runtime.goexit({})
	runtime/asm_arm64.s:1268 +0x4 fp=0x4000121fd0 sp=0x4000121fd0 pc=0x920c4
created by github.com/tonylturner/containd/pkg/dp/engine.(*Engine).Start in goroutine 736
	github.com/tonylturner/containd/pkg/dp/engine/engine.go:271 +0x594

goroutine 892 gp=0x40006036c0 m=nil [select]:
runtime.gopark(0x40003caf90?, 0x2?, 0x38?, 0xae?, 0x40003caf74?)
	runtime/proc.go:460 +0xc0 fp=0x40003cadf0 sp=0x40003cadd0 pc=0x8a190
runtime.selectgo(0x40003caf90, 0x40003caf70, 0x4000724250?, 0x0, 0x3c0000?, 0x1)
	runtime/select.go:351 +0x6bc fp=0x40003caf30 sp=0x40003cadf0 pc=0x69d9c
github.com/tonylturner/containd/pkg/dp/engine.(*Engine).Start.func2()
	github.com/tonylturner/containd/pkg/dp/engine/engine.go:275 +0xd0 fp=0x40003cafd0 sp=0x40003caf30 pc=0x6aae00
runtime.goexit({})
	runtime/asm_arm64.s:1268 +0x4 fp=0x40003cafd0 sp=0x40003cafd0 pc=0x920c4
created by github.com/tonylturner/containd/pkg/dp/engine.(*Engine).Start in goroutine 862
	github.com/tonylturner/containd/pkg/dp/engine/engine.go:271 +0x594

goroutine 945 gp=0x4000683880 m=nil [select]:
runtime.gopark(0x40003c9f90?, 0x2?, 0x38?, 0x9e?, 0x40003c9f74?)
	runtime/proc.go:460 +0xc0 fp=0x40003c9df0 sp=0x40003c9dd0 pc=0x8a190
runtime.selectgo(0x40003c9f90, 0x40003c9f70, 0x4000724910?, 0x0, 0x3c0000?, 0x1)
	runtime/select.go:351 +0x6bc fp=0x40003c9f30 sp=0x40003c9df0 pc=0x69d9c
github.com/tonylturner/containd/pkg/dp/engine.(*Engine).Start.func2()
	github.com/tonylturner/containd/pkg/dp/engine/engine.go:275 +0xd0 fp=0x40003c9fd0 sp=0x40003c9f30 pc=0x6aae00
runtime.goexit({})
	runtime/asm_arm64.s:1268 +0x4 fp=0x40003c9fd0 sp=0x40003c9fd0 pc=0x920c4
created by github.com/tonylturner/containd/pkg/dp/engine.(*Engine).Start in goroutine 931
	github.com/tonylturner/containd/pkg/dp/engine/engine.go:271 +0x594

goroutine 1079 gp=0x4000683a40 m=nil [select]:
runtime.gopark(0x40004a5f90?, 0x2?, 0x38?, 0x5e?, 0x40004a5f74?)
	runtime/proc.go:460 +0xc0 fp=0x40004a5df0 sp=0x40004a5dd0 pc=0x8a190
runtime.selectgo(0x40004a5f90, 0x40004a5f70, 0x40004a5f88?, 0x0, 0x54e80000?, 0x1)
	runtime/select.go:351 +0x6bc fp=0x40004a5f30 sp=0x40004a5df0 pc=0x69d9c
github.com/tonylturner/containd/pkg/dp/engine.(*Engine).Start.func2()
	github.com/tonylturner/containd/pkg/dp/engine/engine.go:275 +0xd0 fp=0x40004a5fd0 sp=0x40004a5f30 pc=0x6aae00
runtime.goexit({})
	runtime/asm_arm64.s:1268 +0x4 fp=0x40004a5fd0 sp=0x40004a5fd0 pc=0x920c4
created by github.com/tonylturner/containd/pkg/dp/engine.(*Engine).Start in goroutine 1049
	github.com/tonylturner/containd/pkg/dp/engine/engine.go:271 +0x594

goroutine 919 gp=0x4000603880 m=nil [select]:
runtime.gopark(0x4000808790?, 0x2?, 0x38?, 0x86?, 0x4000808774?)
	runtime/proc.go:460 +0xc0 fp=0x40008085f0 sp=0x40008085d0 pc=0x8a190
runtime.selectgo(0x4000808790, 0x4000808770, 0x40007245d0?, 0x0, 0x40008087a8?, 0x1)
	runtime/select.go:351 +0x6bc fp=0x4000808730 sp=0x40008085f0 pc=0x69d9c
github.com/tonylturner/containd/pkg/dp/engine.(*Engine).Start.func2()
	github.com/tonylturner/containd/pkg/dp/engine/engine.go:275 +0xd0 fp=0x40008087d0 sp=0x4000808730 pc=0x6aae00
runtime.goexit({})
	runtime/asm_arm64.s:1268 +0x4 fp=0x40008087d0 sp=0x40008087d0 pc=0x920c4
created by github.com/tonylturner/containd/pkg/dp/engine.(*Engine).Start in goroutine 845
	github.com/tonylturner/containd/pkg/dp/engine/engine.go:271 +0x594

goroutine 1044 gp=0x4000603a40 m=nil [select]:
runtime.gopark(0x40003c4f90?, 0x2?, 0x38?, 0x4e?, 0x40003c4f74?)
	runtime/proc.go:460 +0xc0 fp=0x40003c4df0 sp=0x40003c4dd0 pc=0x8a190
runtime.selectgo(0x40003c4f90, 0x40003c4f70, 0x4000724810?, 0x0, 0x3c0000?, 0x1)
	runtime/select.go:351 +0x6bc fp=0x40003c4f30 sp=0x40003c4df0 pc=0x69d9c
github.com/tonylturner/containd/pkg/dp/engine.(*Engine).Start.func2()
	github.com/tonylturner/containd/pkg/dp/engine/engine.go:275 +0xd0 fp=0x40003c4fd0 sp=0x40003c4f30 pc=0x6aae00
runtime.goexit({})
	runtime/asm_arm64.s:1268 +0x4 fp=0x40003c4fd0 sp=0x40003c4fd0 pc=0x920c4
created by github.com/tonylturner/containd/pkg/dp/engine.(*Engine).Start in goroutine 998
	github.com/tonylturner/containd/pkg/dp/engine/engine.go:271 +0x594

goroutine 1272 gp=0x4000683c00 m=nil [select]:
runtime.gopark(0x40004a7f90?, 0x2?, 0x38?, 0x7e?, 0x40004a7f74?)
	runtime/proc.go:460 +0xc0 fp=0x40004a7df0 sp=0x40004a7dd0 pc=0x8a190
runtime.selectgo(0x40004a7f90, 0x40004a7f70, 0x400056f090?, 0x0, 0x40004a7fa8?, 0x1)
	runtime/select.go:351 +0x6bc fp=0x40004a7f30 sp=0x40004a7df0 pc=0x69d9c
github.com/tonylturner/containd/pkg/dp/engine.(*Engine).Start.func2()
	github.com/tonylturner/containd/pkg/dp/engine/engine.go:275 +0xd0 fp=0x40004a7fd0 sp=0x40004a7f30 pc=0x6aae00
runtime.goexit({})
	runtime/asm_arm64.s:1268 +0x4 fp=0x40004a7fd0 sp=0x40004a7fd0 pc=0x920c4
created by github.com/tonylturner/containd/pkg/dp/engine.(*Engine).Start in goroutine 1234
	github.com/tonylturner/containd/pkg/dp/engine/engine.go:271 +0x594

goroutine 1291 gp=0x40009808c0 m=nil [select]:
runtime.gopark(0x40004abf90?, 0x2?, 0x38?, 0xbe?, 0x40004abf74?)
	runtime/proc.go:460 +0xc0 fp=0x40004abdf0 sp=0x40004abdd0 pc=0x8a190
runtime.selectgo(0x40004abf90, 0x40004abf70, 0x40004abf88?, 0x0, 0x70710000?, 0x1)
	runtime/select.go:351 +0x6bc fp=0x40004abf30 sp=0x40004abdf0 pc=0x69d9c
github.com/tonylturner/containd/pkg/dp/engine.(*Engine).Start.func2()
	github.com/tonylturner/containd/pkg/dp/engine/engine.go:275 +0xd0 fp=0x40004abfd0 sp=0x40004abf30 pc=0x6aae00
runtime.goexit({})
	runtime/asm_arm64.s:1268 +0x4 fp=0x40004abfd0 sp=0x40004abfd0 pc=0x920c4
created by github.com/tonylturner/containd/pkg/dp/engine.(*Engine).Start in goroutine 909
	github.com/tonylturner/containd/pkg/dp/engine/engine.go:271 +0x594

goroutine 1513 gp=0x4000980a80 m=nil [select]:
runtime.gopark(0x40004d0f90?, 0x2?, 0x38?, 0xe?, 0x40004d0f74?)
	runtime/proc.go:460 +0xc0 fp=0x40004d0df0 sp=0x40004d0dd0 pc=0x8a190
runtime.selectgo(0x40004d0f90, 0x40004d0f70, 0x40004d0f88?, 0x0, 0x78ec1e987?, 0x1)
	runtime/select.go:351 +0x6bc fp=0x40004d0f30 sp=0x40004d0df0 pc=0x69d9c
github.com/tonylturner/containd/pkg/dp/engine.(*Engine).Start.func2()
	github.com/tonylturner/containd/pkg/dp/engine/engine.go:275 +0xd0 fp=0x40004d0fd0 sp=0x40004d0f30 pc=0x6aae00
runtime.goexit({})
	runtime/asm_arm64.s:1268 +0x4 fp=0x40004d0fd0 sp=0x40004d0fd0 pc=0x920c4
created by github.com/tonylturner/containd/pkg/dp/engine.(*Engine).Start in goroutine 1483
	github.com/tonylturner/containd/pkg/dp/engine/engine.go:271 +0x594

goroutine 1531 gp=0x4000980c40 m=nil [select]:
runtime.gopark(0x40003c6f90?, 0x2?, 0x38?, 0x6e?, 0x40003c6f74?)
	runtime/proc.go:460 +0xc0 fp=0x40003c6df0 sp=0x40003c6dd0 pc=0x8a190
runtime.selectgo(0x40003c6f90, 0x40003c6f70, 0x40003c6f88?, 0x0, 0x4a880000?, 0x1)
	runtime/select.go:351 +0x6bc fp=0x40003c6f30 sp=0x40003c6df0 pc=0x69d9c
github.com/tonylturner/containd/pkg/dp/engine.(*Engine).Start.func2()
	github.com/tonylturner/containd/pkg/dp/engine/engine.go:275 +0xd0 fp=0x40003c6fd0 sp=0x40003c6f30 pc=0x6aae00
runtime.goexit({})
	runtime/asm_arm64.s:1268 +0x4 fp=0x40003c6fd0 sp=0x40003c6fd0 pc=0x920c4
created by github.com/tonylturner/containd/pkg/dp/engine.(*Engine).Start in goroutine 1517
	github.com/tonylturner/containd/pkg/dp/engine/engine.go:271 +0x594

goroutine 1312 gp=0x4000980e00 m=nil [select]:
runtime.gopark(0x40003cbf90?, 0x2?, 0x38?, 0xbe?, 0x40003cbf74?)
	runtime/proc.go:460 +0xc0 fp=0x40003cbdf0 sp=0x40003cbdd0 pc=0x8a190
runtime.selectgo(0x40003cbf90, 0x40003cbf70, 0x40005902d0?, 0x0, 0x3c0000?, 0x1)
	runtime/select.go:351 +0x6bc fp=0x40003cbf30 sp=0x40003cbdf0 pc=0x69d9c
github.com/tonylturner/containd/pkg/dp/engine.(*Engine).Start.func2()
	github.com/tonylturner/containd/pkg/dp/engine/engine.go:275 +0xd0 fp=0x40003cbfd0 sp=0x40003cbf30 pc=0x6aae00
runtime.goexit({})
	runtime/asm_arm64.s:1268 +0x4 fp=0x40003cbfd0 sp=0x40003cbfd0 pc=0x920c4
created by github.com/tonylturner/containd/pkg/dp/engine.(*Engine).Start in goroutine 1339
	github.com/tonylturner/containd/pkg/dp/engine/engine.go:271 +0x594

goroutine 1063 gp=0x4000603c00 m=nil [select]:
runtime.gopark(0x4000808f90?, 0x2?, 0x38?, 0x8e?, 0x4000808f74?)
	runtime/proc.go:460 +0xc0 fp=0x4000808df0 sp=0x4000808dd0 pc=0x8a190
runtime.selectgo(0x4000808f90, 0x4000808f70, 0x0?, 0x0, 0x2?, 0x1)
	runtime/select.go:351 +0x6bc fp=0x4000808f30 sp=0x4000808df0 pc=0x69d9c
github.com/tonylturner/containd/pkg/dp/engine.(*Engine).Start.func2()
	github.com/tonylturner/containd/pkg/dp/engine/engine.go:275 +0xd0 fp=0x4000808fd0 sp=0x4000808f30 pc=0x6aae00
runtime.goexit({})
	runtime/asm_arm64.s:1268 +0x4 fp=0x4000808fd0 sp=0x4000808fd0 pc=0x920c4
created by github.com/tonylturner/containd/pkg/dp/engine.(*Engine).Start in goroutine 1047
	github.com/tonylturner/containd/pkg/dp/engine/engine.go:271 +0x594

goroutine 1095 gp=0x4000683dc0 m=nil [select]:
runtime.gopark(0x40004a8f90?, 0x2?, 0x38?, 0x8e?, 0x40004a8f74?)
	runtime/proc.go:460 +0xc0 fp=0x40004a8df0 sp=0x40004a8dd0 pc=0x8a190
runtime.selectgo(0x40004a8f90, 0x40004a8f70, 0x40004a8f88?, 0x0, 0x55bd0000?, 0x1)
	runtime/select.go:351 +0x6bc fp=0x40004a8f30 sp=0x40004a8df0 pc=0x69d9c
github.com/tonylturner/containd/pkg/dp/engine.(*Engine).Start.func2()
	github.com/tonylturner/containd/pkg/dp/engine/engine.go:275 +0xd0 fp=0x40004a8fd0 sp=0x40004a8f30 pc=0x6aae00
runtime.goexit({})
	runtime/asm_arm64.s:1268 +0x4 fp=0x40004a8fd0 sp=0x40004a8fd0 pc=0x920c4
created by github.com/tonylturner/containd/pkg/dp/engine.(*Engine).Start in goroutine 1017
	github.com/tonylturner/containd/pkg/dp/engine/engine.go:271 +0x594

goroutine 1128 gp=0x4000603dc0 m=nil [select]:
runtime.gopark(0x4000178f90?, 0x2?, 0x38?, 0x8e?, 0x4000178f74?)
	runtime/proc.go:460 +0xc0 fp=0x4000178df0 sp=0x4000178dd0 pc=0x8a190
runtime.selectgo(0x4000178f90, 0x4000178f70, 0x4000178f88?, 0x0, 0x1b930000?, 0x1)
	runtime/select.go:351 +0x6bc fp=0x4000178f30 sp=0x4000178df0 pc=0x69d9c
github.com/tonylturner/containd/pkg/dp/engine.(*Engine).Start.func2()
	github.com/tonylturner/containd/pkg/dp/engine/engine.go:275 +0xd0 fp=0x4000178fd0 sp=0x4000178f30 pc=0x6aae00
runtime.goexit({})
	runtime/asm_arm64.s:1268 +0x4 fp=0x4000178fd0 sp=0x4000178fd0 pc=0x920c4
created by github.com/tonylturner/containd/pkg/dp/engine.(*Engine).Start in goroutine 1120
	github.com/tonylturner/containd/pkg/dp/engine/engine.go:271 +0x594

goroutine 1315 gp=0x4000980fc0 m=nil [select]:
runtime.gopark(0x400017bf90?, 0x2?, 0x38?, 0xbe?, 0x400017bf74?)
	runtime/proc.go:460 +0xc0 fp=0x400017bdf0 sp=0x400017bdd0 pc=0x8a190
runtime.selectgo(0x400017bf90, 0x400017bf70, 0x400017bf88?, 0x0, 0x73f708ae2?, 0x1)
	runtime/select.go:351 +0x6bc fp=0x400017bf30 sp=0x400017bdf0 pc=0x69d9c
github.com/tonylturner/containd/pkg/dp/engine.(*Engine).Start.func2()
	github.com/tonylturner/containd/pkg/dp/engine/engine.go:275 +0xd0 fp=0x400017bfd0 sp=0x400017bf30 pc=0x6aae00
runtime.goexit({})
	runtime/asm_arm64.s:1268 +0x4 fp=0x400017bfd0 sp=0x400017bfd0 pc=0x920c4
created by github.com/tonylturner/containd/pkg/dp/engine.(*Engine).Start in goroutine 1297
	github.com/tonylturner/containd/pkg/dp/engine/engine.go:271 +0x594

goroutine 1435 gp=0x4000503500 m=nil [select]:
runtime.gopark(0x4000937f90?, 0x2?, 0x48?, 0x7f?, 0x4000937f74?)
	runtime/proc.go:460 +0xc0 fp=0x4000937df0 sp=0x4000937dd0 pc=0x8a190
runtime.selectgo(0x4000937f90, 0x4000937f70, 0x0?, 0x0, 0x2?, 0x1)
	runtime/select.go:351 +0x6bc fp=0x4000937f30 sp=0x4000937df0 pc=0x69d9c
github.com/tonylturner/containd/pkg/dp/engine.(*Engine).Start.func2()
	github.com/tonylturner/containd/pkg/dp/engine/engine.go:275 +0xd0 fp=0x4000937fd0 sp=0x4000937f30 pc=0x6aae00
runtime.goexit({})
	runtime/asm_arm64.s:1268 +0x4 fp=0x4000937fd0 sp=0x4000937fd0 pc=0x920c4
created by github.com/tonylturner/containd/pkg/dp/engine.(*Engine).Start in goroutine 1405
	github.com/tonylturner/containd/pkg/dp/engine/engine.go:271 +0x594

goroutine 1177 gp=0x40005036c0 m=nil [select]:
runtime.gopark(0x400080bf90?, 0x2?, 0x38?, 0xbe?, 0x400080bf74?)
	runtime/proc.go:460 +0xc0 fp=0x400080bdf0 sp=0x400080bdd0 pc=0x8a190
runtime.selectgo(0x400080bf90, 0x400080bf70, 0x0?, 0x0, 0x0?, 0x1)
	runtime/select.go:351 +0x6bc fp=0x400080bf30 sp=0x400080bdf0 pc=0x69d9c
github.com/tonylturner/containd/pkg/dp/engine.(*Engine).Start.func2()
	github.com/tonylturner/containd/pkg/dp/engine/engine.go:275 +0xd0 fp=0x400080bfd0 sp=0x400080bf30 pc=0x6aae00
runtime.goexit({})
	runtime/asm_arm64.s:1268 +0x4 fp=0x400080bfd0 sp=0x400080bfd0 pc=0x920c4
created by github.com/tonylturner/containd/pkg/dp/engine.(*Engine).Start in goroutine 1156
	github.com/tonylturner/containd/pkg/dp/engine/engine.go:271 +0x594

goroutine 1495 gp=0x4000503c00 m=nil [select]:
runtime.gopark(0x4000175f90?, 0x2?, 0x38?, 0x5e?, 0x4000175f74?)
	runtime/proc.go:460 +0xc0 fp=0x4000175df0 sp=0x4000175dd0 pc=0x8a190
runtime.selectgo(0x4000175f90, 0x4000175f70, 0x400056e090?, 0x0, 0x170000?, 0x1)
	runtime/select.go:351 +0x6bc fp=0x4000175f30 sp=0x4000175df0 pc=0x69d9c
github.com/tonylturner/containd/pkg/dp/engine.(*Engine).Start.func2()
	github.com/tonylturner/containd/pkg/dp/engine/engine.go:275 +0xd0 fp=0x4000175fd0 sp=0x4000175f30 pc=0x6aae00
runtime.goexit({})
	runtime/asm_arm64.s:1268 +0x4 fp=0x4000175fd0 sp=0x4000175fd0 pc=0x920c4
created by github.com/tonylturner/containd/pkg/dp/engine.(*Engine).Start in goroutine 1369
	github.com/tonylturner/containd/pkg/dp/engine/engine.go:271 +0x594

goroutine 1334 gp=0x4000981180 m=nil [select]:
runtime.gopark(0x40004a9f90?, 0x2?, 0x38?, 0x9e?, 0x40004a9f74?)
	runtime/proc.go:460 +0xc0 fp=0x40004a9df0 sp=0x40004a9dd0 pc=0x8a190
runtime.selectgo(0x40004a9f90, 0x40004a9f70, 0x4000724090?, 0x0, 0x4a0000?, 0x1)
	runtime/select.go:351 +0x6bc fp=0x40004a9f30 sp=0x40004a9df0 pc=0x69d9c
github.com/tonylturner/containd/pkg/dp/engine.(*Engine).Start.func2()
	github.com/tonylturner/containd/pkg/dp/engine/engine.go:275 +0xd0 fp=0x40004a9fd0 sp=0x40004a9f30 pc=0x6aae00
runtime.goexit({})
	runtime/asm_arm64.s:1268 +0x4 fp=0x40004a9fd0 sp=0x40004a9fd0 pc=0x920c4
created by github.com/tonylturner/containd/pkg/dp/engine.(*Engine).Start in goroutine 1240
	github.com/tonylturner/containd/pkg/dp/engine/engine.go:271 +0x594

goroutine 1256 gp=0x4000981340 m=nil [select]:
runtime.gopark(0x40004a6f90?, 0x2?, 0x38?, 0x6e?, 0x40004a6f74?)
	runtime/proc.go:460 +0xc0 fp=0x40004a6df0 sp=0x40004a6dd0 pc=0x8a190
runtime.selectgo(0x40004a6f90, 0x40004a6f70, 0x4000320a10?, 0x0, 0x4a0000?, 0x1)
	runtime/select.go:351 +0x6bc fp=0x40004a6f30 sp=0x40004a6df0 pc=0x69d9c
github.com/tonylturner/containd/pkg/dp/engine.(*Engine).Start.func2()
	github.com/tonylturner/containd/pkg/dp/engine/engine.go:275 +0xd0 fp=0x40004a6fd0 sp=0x40004a6f30 pc=0x6aae00
runtime.goexit({})
	runtime/asm_arm64.s:1268 +0x4 fp=0x40004a6fd0 sp=0x40004a6fd0 pc=0x920c4
created by github.com/tonylturner/containd/pkg/dp/engine.(*Engine).Start in goroutine 1210
	github.com/tonylturner/containd/pkg/dp/engine/engine.go:271 +0x594

goroutine 1381 gp=0x4000981500 m=nil [select]:
runtime.gopark(0x4000573f90?, 0x2?, 0x38?, 0x3e?, 0x4000573f74?)
	runtime/proc.go:460 +0xc0 fp=0x4000573df0 sp=0x4000573dd0 pc=0x8a190
runtime.selectgo(0x4000573f90, 0x4000573f70, 0x4000320c10?, 0x0, 0x570000?, 0x1)
	runtime/select.go:351 +0x6bc fp=0x4000573f30 sp=0x4000573df0 pc=0x69d9c
github.com/tonylturner/containd/pkg/dp/engine.(*Engine).Start.func2()
	github.com/tonylturner/containd/pkg/dp/engine/engine.go:275 +0xd0 fp=0x4000573fd0 sp=0x4000573f30 pc=0x6aae00
runtime.goexit({})
	runtime/asm_arm64.s:1268 +0x4 fp=0x4000573fd0 sp=0x4000573fd0 pc=0x920c4
created by github.com/tonylturner/containd/pkg/dp/engine.(*Engine).Start in goroutine 1351
	github.com/tonylturner/containd/pkg/dp/engine/engine.go:271 +0x594

goroutine 202 gp=0x40003a6000 m=nil [select]:
runtime.gopark(0x40004e2790?, 0x2?, 0x38?, 0x26?, 0x40004e2774?)
	runtime/proc.go:460 +0xc0 fp=0x40004e25f0 sp=0x40004e25d0 pc=0x8a190
runtime.selectgo(0x40004e2790, 0x40004e2770, 0x0?, 0x0, 0x0?, 0x1)
	runtime/select.go:351 +0x6bc fp=0x40004e2730 sp=0x40004e25f0 pc=0x69d9c
github.com/tonylturner/containd/pkg/dp/engine.(*Engine).Start.func2()
	github.com/tonylturner/containd/pkg/dp/engine/engine.go:275 +0xd0 fp=0x40004e27d0 sp=0x40004e2730 pc=0x6aae00
runtime.goexit({})
	runtime/asm_arm64.s:1268 +0x4 fp=0x40004e27d0 sp=0x40004e27d0 pc=0x920c4
created by github.com/tonylturner/containd/pkg/dp/engine.(*Engine).Start in goroutine 2992
	github.com/tonylturner/containd/pkg/dp/engine/engine.go:271 +0x594

goroutine 1861 gp=0x40003a61c0 m=nil [select]:
runtime.gopark(0x4000520f90?, 0x2?, 0x38?, 0xe?, 0x4000520f74?)
	runtime/proc.go:460 +0xc0 fp=0x4000520df0 sp=0x4000520dd0 pc=0x8a190
runtime.selectgo(0x4000520f90, 0x4000520f70, 0x4000520f88?, 0x0, 0x7bc40ee93?, 0x1)
	runtime/select.go:351 +0x6bc fp=0x4000520f30 sp=0x4000520df0 pc=0x69d9c
github.com/tonylturner/containd/pkg/dp/engine.(*Engine).Start.func2()
	github.com/tonylturner/containd/pkg/dp/engine/engine.go:275 +0xd0 fp=0x4000520fd0 sp=0x4000520f30 pc=0x6aae00
runtime.goexit({})
	runtime/asm_arm64.s:1268 +0x4 fp=0x4000520fd0 sp=0x4000520fd0 pc=0x920c4
created by github.com/tonylturner/containd/pkg/dp/engine.(*Engine).Start in goroutine 1831
	github.com/tonylturner/containd/pkg/dp/engine/engine.go:271 +0x594

goroutine 1417 gp=0x40003a6380 m=nil [select]:
runtime.gopark(0x4000575f90?, 0x2?, 0x38?, 0x7e?, 0x4000575f74?)
	runtime/proc.go:460 +0xc0 fp=0x4000575df0 sp=0x4000575dd0 pc=0x8a190
runtime.selectgo(0x4000575f90, 0x4000575f70, 0x4000320e10?, 0x0, 0x800000?, 0x1)
	runtime/select.go:351 +0x6bc fp=0x4000575f30 sp=0x4000575df0 pc=0x69d9c
github.com/tonylturner/containd/pkg/dp/engine.(*Engine).Start.func2()
	github.com/tonylturner/containd/pkg/dp/engine/engine.go:275 +0xd0 fp=0x4000575fd0 sp=0x4000575f30 pc=0x6aae00
runtime.goexit({})
	runtime/asm_arm64.s:1268 +0x4 fp=0x4000575fd0 sp=0x4000575fd0 pc=0x920c4
created by github.com/tonylturner/containd/pkg/dp/engine.(*Engine).Start in goroutine 1275
	github.com/tonylturner/containd/pkg/dp/engine/engine.go:271 +0x594

goroutine 1667 gp=0x40003a6540 m=nil [select]:
runtime.gopark(0x40004d7f90?, 0x2?, 0x38?, 0x7e?, 0x40004d7f74?)
	runtime/proc.go:460 +0xc0 fp=0x40004d7df0 sp=0x40004d7dd0 pc=0x8a190
runtime.selectgo(0x40004d7f90, 0x40004d7f70, 0x4000724990?, 0x0, 0x4d0000?, 0x1)
	runtime/select.go:351 +0x6bc fp=0x40004d7f30 sp=0x40004d7df0 pc=0x69d9c
github.com/tonylturner/containd/pkg/dp/engine.(*Engine).Start.func2()
	github.com/tonylturner/containd/pkg/dp/engine/engine.go:275 +0xd0 fp=0x40004d7fd0 sp=0x40004d7f30 pc=0x6aae00
runtime.goexit({})
	runtime/asm_arm64.s:1268 +0x4 fp=0x40004d7fd0 sp=0x40004d7fd0 pc=0x920c4
created by github.com/tonylturner/containd/pkg/dp/engine.(*Engine).Start in goroutine 1637
	github.com/tonylturner/containd/pkg/dp/engine/engine.go:271 +0x594

goroutine 1456 gp=0x40009816c0 m=nil [select]:
runtime.gopark(0x4000576f90?, 0x2?, 0x38?, 0x6e?, 0x4000576f74?)
	runtime/proc.go:460 +0xc0 fp=0x4000576df0 sp=0x4000576dd0 pc=0x8a190
runtime.selectgo(0x4000576f90, 0x4000576f70, 0x4000576f88?, 0x0, 0x84e60000?, 0x1)
	runtime/select.go:351 +0x6bc fp=0x4000576f30 sp=0x4000576df0 pc=0x69d9c
github.com/tonylturner/containd/pkg/dp/engine.(*Engine).Start.func2()
	github.com/tonylturner/containd/pkg/dp/engine/engine.go:275 +0xd0 fp=0x4000576fd0 sp=0x4000576f30 pc=0x6aae00
runtime.goexit({})
	runtime/asm_arm64.s:1268 +0x4 fp=0x4000576fd0 sp=0x4000576fd0 pc=0x920c4
created by github.com/tonylturner/containd/pkg/dp/engine.(*Engine).Start in goroutine 1442
	github.com/tonylturner/containd/pkg/dp/engine/engine.go:271 +0x594

goroutine 1801 gp=0x4000981880 m=nil [select]:
runtime.gopark(0x400080b790?, 0x2?, 0x38?, 0xb6?, 0x400080b774?)
	runtime/proc.go:460 +0xc0 fp=0x400080b5f0 sp=0x400080b5d0 pc=0x8a190
runtime.selectgo(0x400080b790, 0x400080b770, 0x40005900d0?, 0x0, 0x400080b7a8?, 0x1)
	runtime/select.go:351 +0x6bc fp=0x400080b730 sp=0x400080b5f0 pc=0x69d9c
github.com/tonylturner/containd/pkg/dp/engine.(*Engine).Start.func2()
	github.com/tonylturner/containd/pkg/dp/engine/engine.go:275 +0xd0 fp=0x400080b7d0 sp=0x400080b730 pc=0x6aae00
runtime.goexit({})
	runtime/asm_arm64.s:1268 +0x4 fp=0x400080b7d0 sp=0x400080b7d0 pc=0x920c4
created by github.com/tonylturner/containd/pkg/dp/engine.(*Engine).Start in goroutine 1771
	github.com/tonylturner/containd/pkg/dp/engine/engine.go:271 +0x594

goroutine 1700 gp=0x4000981a40 m=nil [select]:
runtime.gopark(0x40004d5f90?, 0x2?, 0x38?, 0x5e?, 0x40004d5f74?)
	runtime/proc.go:460 +0xc0 fp=0x40004d5df0 sp=0x40004d5dd0 pc=0x8a190
runtime.selectgo(0x40004d5f90, 0x40004d5f70, 0x0?, 0x0, 0x2?, 0x1)
	runtime/select.go:351 +0x6bc fp=0x40004d5f30 sp=0x40004d5df0 pc=0x69d9c
github.com/tonylturner/containd/pkg/dp/engine.(*Engine).Start.func2()
	github.com/tonylturner/containd/pkg/dp/engine/engine.go:275 +0xd0 fp=0x40004d5fd0 sp=0x40004d5f30 pc=0x6aae00
runtime.goexit({})
	runtime/asm_arm64.s:1268 +0x4 fp=0x40004d5fd0 sp=0x40004d5fd0 pc=0x920c4
created by github.com/tonylturner/containd/pkg/dp/engine.(*Engine).Start in goroutine 1654
	github.com/tonylturner/containd/pkg/dp/engine/engine.go:271 +0x594

goroutine 1548 gp=0x4000981c00 m=nil [select]:
runtime.gopark(0x4000571f90?, 0x2?, 0x2?, 0x0?, 0x4000571f74?)
	runtime/proc.go:460 +0xc0 fp=0x4000571df0 sp=0x4000571dd0 pc=0x8a190
runtime.selectgo(0x4000571f90, 0x4000571f70, 0x400056e050?, 0x0, 0x400080b7a8?, 0x1)
	runtime/select.go:351 +0x6bc fp=0x4000571f30 sp=0x4000571df0 pc=0x69d9c
github.com/tonylturner/containd/pkg/dp/engine.(*Engine).Start.func2()
	github.com/tonylturner/containd/pkg/dp/engine/engine.go:275 +0xd0 fp=0x4000571fd0 sp=0x4000571f30 pc=0x6aae00
runtime.goexit({})
	runtime/asm_arm64.s:1268 +0x4 fp=0x4000571fd0 sp=0x4000571fd0 pc=0x920c4
created by github.com/tonylturner/containd/pkg/dp/engine.(*Engine).Start in goroutine 1502
	github.com/tonylturner/containd/pkg/dp/engine/engine.go:271 +0x594

goroutine 1689 gp=0x400058c000 m=nil [select]:
runtime.gopark(0x4000570f90?, 0x2?, 0x38?, 0xe?, 0x4000570f74?)
	runtime/proc.go:460 +0xc0 fp=0x4000570df0 sp=0x4000570dd0 pc=0x8a190
runtime.selectgo(0x4000570f90, 0x4000570f70, 0x400056e210?, 0x0, 0x570000?, 0x1)
	runtime/select.go:351 +0x6bc fp=0x4000570f30 sp=0x4000570df0 pc=0x69d9c
github.com/tonylturner/containd/pkg/dp/engine.(*Engine).Start.func2()
	github.com/tonylturner/containd/pkg/dp/engine/engine.go:275 +0xd0 fp=0x4000570fd0 sp=0x4000570f30 pc=0x6aae00
runtime.goexit({})
	runtime/asm_arm64.s:1268 +0x4 fp=0x4000570fd0 sp=0x4000570fd0 pc=0x920c4
created by github.com/tonylturner/containd/pkg/dp/engine.(*Engine).Start in goroutine 1586
	github.com/tonylturner/containd/pkg/dp/engine/engine.go:271 +0x594

goroutine 2160 gp=0x4000981dc0 m=nil [select]:
runtime.gopark(0x40002ecf90?, 0x2?, 0x38?, 0xce?, 0x40002ecf74?)
	runtime/proc.go:460 +0xc0 fp=0x40002ecdf0 sp=0x40002ecdd0 pc=0x8a190
runtime.selectgo(0x40002ecf90, 0x40002ecf70, 0x40002ecf88?, 0x0, 0x7e05fbf25?, 0x1)
	runtime/select.go:351 +0x6bc fp=0x40002ecf30 sp=0x40002ecdf0 pc=0x69d9c
github.com/tonylturner/containd/pkg/dp/engine.(*Engine).Start.func2()
	github.com/tonylturner/containd/pkg/dp/engine/engine.go:275 +0xd0 fp=0x40002ecfd0 sp=0x40002ecf30 pc=0x6aae00
runtime.goexit({})
	runtime/asm_arm64.s:1268 +0x4 fp=0x40002ecfd0 sp=0x40002ecfd0 pc=0x920c4
created by github.com/tonylturner/containd/pkg/dp/engine.(*Engine).Start in goroutine 2146
	github.com/tonylturner/containd/pkg/dp/engine/engine.go:271 +0x594

goroutine 1562 gp=0x40003a6700 m=nil [select]:
runtime.gopark(0x40004d1f90?, 0x2?, 0x38?, 0x1e?, 0x40004d1f74?)
	runtime/proc.go:460 +0xc0 fp=0x40004d1df0 sp=0x40004d1dd0 pc=0x8a190
runtime.selectgo(0x40004d1f90, 0x40004d1f70, 0x40004d1f88?, 0x0, 0x93b90000?, 0x1)
	runtime/select.go:351 +0x6bc fp=0x40004d1f30 sp=0x40004d1df0 pc=0x69d9c
github.com/tonylturner/containd/pkg/dp/engine.(*Engine).Start.func2()
	github.com/tonylturner/containd/pkg/dp/engine/engine.go:275 +0xd0 fp=0x40004d1fd0 sp=0x40004d1f30 pc=0x6aae00
runtime.goexit({})
	runtime/asm_arm64.s:1268 +0x4 fp=0x40004d1fd0 sp=0x40004d1fd0 pc=0x920c4
created by github.com/tonylturner/containd/pkg/dp/engine.(*Engine).Start in goroutine 1468
	github.com/tonylturner/containd/pkg/dp/engine/engine.go:271 +0x594

goroutine 1938 gp=0x400058c1c0 m=nil [select]:
runtime.gopark(0x4000082790?, 0x2?, 0x38?, 0x26?, 0x4000082774?)
	runtime/proc.go:460 +0xc0 fp=0x40000825f0 sp=0x40000825d0 pc=0x8a190
runtime.selectgo(0x4000082790, 0x4000082770, 0x4000082788?, 0x0, 0x7c66d1897?, 0x1)
	runtime/select.go:351 +0x6bc fp=0x4000082730 sp=0x40000825f0 pc=0x69d9c
github.com/tonylturner/containd/pkg/dp/engine.(*Engine).Start.func2()
	github.com/tonylturner/containd/pkg/dp/engine/engine.go:275 +0xd0 fp=0x40000827d0 sp=0x4000082730 pc=0x6aae00
runtime.goexit({})
	runtime/asm_arm64.s:1268 +0x4 fp=0x40000827d0 sp=0x40000827d0 pc=0x920c4
created by github.com/tonylturner/containd/pkg/dp/engine.(*Engine).Start in goroutine 1842
	github.com/tonylturner/containd/pkg/dp/engine/engine.go:271 +0x594

goroutine 1579 gp=0x4000014000 m=nil [select]:
runtime.gopark(0x4000793790?, 0x2?, 0x38?, 0x36?, 0x4000793774?)
	runtime/proc.go:460 +0xc0 fp=0x40007935f0 sp=0x40007935d0 pc=0x8a190
runtime.selectgo(0x4000793790, 0x4000793770, 0x400056e950?, 0x0, 0x40007937a8?, 0x1)
	runtime/select.go:351 +0x6bc fp=0x4000793730 sp=0x40007935f0 pc=0x69d9c
github.com/tonylturner/containd/pkg/dp/engine.(*Engine).Start.func2()
	github.com/tonylturner/containd/pkg/dp/engine/engine.go:275 +0xd0 fp=0x40007937d0 sp=0x4000793730 pc=0x6aae00
runtime.goexit({})
	runtime/asm_arm64.s:1268 +0x4 fp=0x40007937d0 sp=0x40007937d0 pc=0x920c4
created by github.com/tonylturner/containd/pkg/dp/engine.(*Engine).Start in goroutine 1565
	github.com/tonylturner/containd/pkg/dp/engine/engine.go:271 +0x594

goroutine 1779 gp=0x40000141c0 m=nil [select]:
runtime.gopark(0x40004d6f90?, 0x2?, 0x38?, 0x6e?, 0x40004d6f74?)
	runtime/proc.go:460 +0xc0 fp=0x40004d6df0 sp=0x40004d6dd0 pc=0x8a190
runtime.selectgo(0x40004d6f90, 0x40004d6f70, 0x4000320510?, 0x0, 0x4d0000?, 0x1)
	runtime/select.go:351 +0x6bc fp=0x40004d6f30 sp=0x40004d6df0 pc=0x69d9c
github.com/tonylturner/containd/pkg/dp/engine.(*Engine).Start.func2()
	github.com/tonylturner/containd/pkg/dp/engine/engine.go:275 +0xd0 fp=0x40004d6fd0 sp=0x40004d6f30 pc=0x6aae00
runtime.goexit({})
	runtime/asm_arm64.s:1268 +0x4 fp=0x40004d6fd0 sp=0x40004d6fd0 pc=0x920c4
created by github.com/tonylturner/containd/pkg/dp/engine.(*Engine).Start in goroutine 1749
	github.com/tonylturner/containd/pkg/dp/engine/engine.go:271 +0x594

goroutine 1632 gp=0x4000014380 m=nil [select]:
runtime.gopark(0x40004aaf90?, 0x2?, 0x38?, 0xae?, 0x40004aaf74?)
	runtime/proc.go:460 +0xc0 fp=0x40004aadf0 sp=0x40004aadd0 pc=0x8a190
runtime.selectgo(0x40004aaf90, 0x40004aaf70, 0x40004aaf88?, 0x0, 0x9d6c0000?, 0x1)
	runtime/select.go:351 +0x6bc fp=0x40004aaf30 sp=0x40004aadf0 pc=0x69d9c
github.com/tonylturner/containd/pkg/dp/engine.(*Engine).Start.func2()
	github.com/tonylturner/containd/pkg/dp/engine/engine.go:275 +0xd0 fp=0x40004aafd0 sp=0x40004aaf30 pc=0x6aae00
runtime.goexit({})
	runtime/asm_arm64.s:1268 +0x4 fp=0x40004aafd0 sp=0x40004aafd0 pc=0x920c4
created by github.com/tonylturner/containd/pkg/dp/engine.(*Engine).Start in goroutine 1618
	github.com/tonylturner/containd/pkg/dp/engine/engine.go:271 +0x594

goroutine 1817 gp=0x400058c380 m=nil [select]:
runtime.gopark(0x400051cf90?, 0x2?, 0x38?, 0xce?, 0x400051cf74?)
	runtime/proc.go:460 +0xc0 fp=0x400051cdf0 sp=0x400051cdd0 pc=0x8a190
runtime.selectgo(0x400051cf90, 0x400051cf70, 0x400051cf88?, 0x0, 0x7b766e4a9?, 0x1)
	runtime/select.go:351 +0x6bc fp=0x400051cf30 sp=0x400051cdf0 pc=0x69d9c
github.com/tonylturner/containd/pkg/dp/engine.(*Engine).Start.func2()
	github.com/tonylturner/containd/pkg/dp/engine/engine.go:275 +0xd0 fp=0x400051cfd0 sp=0x400051cf30 pc=0x6aae00
runtime.goexit({})
	runtime/asm_arm64.s:1268 +0x4 fp=0x400051cfd0 sp=0x400051cfd0 pc=0x920c4
created by github.com/tonylturner/containd/pkg/dp/engine.(*Engine).Start in goroutine 1707
	github.com/tonylturner/containd/pkg/dp/engine/engine.go:271 +0x594

goroutine 2066 gp=0x4000014540 m=nil [select]:
runtime.gopark(0x4000806790?, 0x2?, 0x38?, 0x66?, 0x4000806774?)
	runtime/proc.go:460 +0xc0 fp=0x40008065f0 sp=0x40008065d0 pc=0x8a190
runtime.selectgo(0x4000806790, 0x4000806770, 0x4000806788?, 0x0, 0x7d5b33abb?, 0x1)
	runtime/select.go:351 +0x6bc fp=0x4000806730 sp=0x40008065f0 pc=0x69d9c
github.com/tonylturner/containd/pkg/dp/engine.(*Engine).Start.func2()
	github.com/tonylturner/containd/pkg/dp/engine/engine.go:275 +0xd0 fp=0x40008067d0 sp=0x4000806730 pc=0x6aae00
runtime.goexit({})
	runtime/asm_arm64.s:1268 +0x4 fp=0x40008067d0 sp=0x40008067d0 pc=0x920c4
created by github.com/tonylturner/containd/pkg/dp/engine.(*Engine).Start in goroutine 2036
	github.com/tonylturner/containd/pkg/dp/engine/engine.go:271 +0x594

goroutine 1886 gp=0x4000014700 m=nil [select]:
runtime.gopark(0x4000804790?, 0x2?, 0x38?, 0x46?, 0x4000804774?)
	runtime/proc.go:460 +0xc0 fp=0x40008045f0 sp=0x40008045d0 pc=0x8a190
runtime.selectgo(0x4000804790, 0x4000804770, 0x4000804788?, 0x0, 0x7bcd0964a?, 0x1)
	runtime/select.go:351 +0x6bc fp=0x4000804730 sp=0x40008045f0 pc=0x69d9c
github.com/tonylturner/containd/pkg/dp/engine.(*Engine).Start.func2()
	github.com/tonylturner/containd/pkg/dp/engine/engine.go:275 +0xd0 fp=0x40008047d0 sp=0x4000804730 pc=0x6aae00
runtime.goexit({})
	runtime/asm_arm64.s:1268 +0x4 fp=0x40008047d0 sp=0x40008047d0 pc=0x920c4
created by github.com/tonylturner/containd/pkg/dp/engine.(*Engine).Start in goroutine 1824
	github.com/tonylturner/containd/pkg/dp/engine/engine.go:271 +0x594

goroutine 1743 gp=0x40000148c0 m=nil [select]:
runtime.gopark(0x40005cbf90?, 0x2?, 0x38?, 0xbe?, 0x40005cbf74?)
	runtime/proc.go:460 +0xc0 fp=0x40005cbdf0 sp=0x40005cbdd0 pc=0x8a190
runtime.selectgo(0x40005cbf90, 0x40005cbf70, 0x40005906d0?, 0x0, 0x5c0000?, 0x1)
	runtime/select.go:351 +0x6bc fp=0x40005cbf30 sp=0x40005cbdf0 pc=0x69d9c
github.com/tonylturner/containd/pkg/dp/engine.(*Engine).Start.func2()
	github.com/tonylturner/containd/pkg/dp/engine/engine.go:275 +0xd0 fp=0x40005cbfd0 sp=0x40005cbf30 pc=0x6aae00
runtime.goexit({})
	runtime/asm_arm64.s:1268 +0x4 fp=0x40005cbfd0 sp=0x40005cbfd0 pc=0x920c4
created by github.com/tonylturner/containd/pkg/dp/engine.(*Engine).Start in goroutine 1729
	github.com/tonylturner/containd/pkg/dp/engine/engine.go:271 +0x594

goroutine 1726 gp=0x400058c540 m=nil [select]:
runtime.gopark(0x40004d2f90?, 0x2?, 0x38?, 0x2e?, 0x40004d2f74?)
	runtime/proc.go:460 +0xc0 fp=0x40004d2df0 sp=0x40004d2dd0 pc=0x8a190
runtime.selectgo(0x40004d2f90, 0x40004d2f70, 0x40004d2f88?, 0x0, 0xa7a20000?, 0x1)
	runtime/select.go:351 +0x6bc fp=0x40004d2f30 sp=0x40004d2df0 pc=0x69d9c
github.com/tonylturner/containd/pkg/dp/engine.(*Engine).Start.func2()
	github.com/tonylturner/containd/pkg/dp/engine/engine.go:275 +0xd0 fp=0x40004d2fd0 sp=0x40004d2f30 pc=0x6aae00
runtime.goexit({})
	runtime/asm_arm64.s:1268 +0x4 fp=0x40004d2fd0 sp=0x40004d2fd0 pc=0x920c4
created by github.com/tonylturner/containd/pkg/dp/engine.(*Engine).Start in goroutine 1696
	github.com/tonylturner/containd/pkg/dp/engine/engine.go:271 +0x594

goroutine 3330 gp=0x400058c700 m=nil [select]:
runtime.gopark(0x400073cf90?, 0x2?, 0x38?, 0xce?, 0x400073cf74?)
	runtime/proc.go:460 +0xc0 fp=0x400073cdf0 sp=0x400073cdd0 pc=0x8a190
runtime.selectgo(0x400073cf90, 0x400073cf70, 0x400021a690?, 0x0, 0x730000?, 0x1)
	runtime/select.go:351 +0x6bc fp=0x400073cf30 sp=0x400073cdf0 pc=0x69d9c
github.com/tonylturner/containd/pkg/dp/engine.(*Engine).Start.func2()
	github.com/tonylturner/containd/pkg/dp/engine/engine.go:275 +0xd0 fp=0x400073cfd0 sp=0x400073cf30 pc=0x6aae00
runtime.goexit({})
	runtime/asm_arm64.s:1268 +0x4 fp=0x400073cfd0 sp=0x400073cfd0 pc=0x920c4
created by github.com/tonylturner/containd/pkg/dp/engine.(*Engine).Start in goroutine 3156
	github.com/tonylturner/containd/pkg/dp/engine/engine.go:271 +0x594

goroutine 3173 gp=0x4000014a80 m=nil [select]:
runtime.gopark(0x4000741f90?, 0x2?, 0x38?, 0x1e?, 0x4000741f74?)
	runtime/proc.go:460 +0xc0 fp=0x4000741df0 sp=0x4000741dd0 pc=0x8a190
runtime.selectgo(0x4000741f90, 0x4000741f70, 0x400021b390?, 0x0, 0x4000741fa8?, 0x1)
	runtime/select.go:351 +0x6bc fp=0x4000741f30 sp=0x4000741df0 pc=0x69d9c
github.com/tonylturner/containd/pkg/dp/engine.(*Engine).Start.func2()
	github.com/tonylturner/containd/pkg/dp/engine/engine.go:275 +0xd0 fp=0x4000741fd0 sp=0x4000741f30 pc=0x6aae00
runtime.goexit({})
	runtime/asm_arm64.s:1268 +0x4 fp=0x4000741fd0 sp=0x4000741fd0 pc=0x920c4
created by github.com/tonylturner/containd/pkg/dp/engine.(*Engine).Start in goroutine 3131
	github.com/tonylturner/containd/pkg/dp/engine/engine.go:271 +0x594

goroutine 2464 gp=0x400058c8c0 m=nil [select]:
runtime.gopark(0x4000520790?, 0x2?, 0x38?, 0x6?, 0x4000520774?)
	runtime/proc.go:460 +0xc0 fp=0x40005205f0 sp=0x40005205d0 pc=0x8a190
runtime.selectgo(0x4000520790, 0x4000520770, 0x4000520788?, 0x0, 0x809fc579a?, 0x1)
	runtime/select.go:351 +0x6bc fp=0x4000520730 sp=0x40005205f0 pc=0x69d9c
github.com/tonylturner/containd/pkg/dp/engine.(*Engine).Start.func2()
	github.com/tonylturner/containd/pkg/dp/engine/engine.go:275 +0xd0 fp=0x40005207d0 sp=0x4000520730 pc=0x6aae00
runtime.goexit({})
	runtime/asm_arm64.s:1268 +0x4 fp=0x40005207d0 sp=0x40005207d0 pc=0x920c4
created by github.com/tonylturner/containd/pkg/dp/engine.(*Engine).Start in goroutine 2450
	github.com/tonylturner/containd/pkg/dp/engine/engine.go:271 +0x594

goroutine 1807 gp=0x400058ca80 m=nil [select]:
runtime.gopark(0x400051ff90?, 0x2?, 0x38?, 0xfe?, 0x400051ff74?)
	runtime/proc.go:460 +0xc0 fp=0x400051fdf0 sp=0x400051fdd0 pc=0x8a190
runtime.selectgo(0x400051ff90, 0x400051ff70, 0x2a7f725a1aa79?, 0x0, 0x40000?, 0x1)
	runtime/select.go:351 +0x6bc fp=0x400051ff30 sp=0x400051fdf0 pc=0x69d9c
github.com/tonylturner/containd/pkg/dp/engine.(*Engine).Start.func2()
	github.com/tonylturner/containd/pkg/dp/engine/engine.go:275 +0xd0 fp=0x400051ffd0 sp=0x400051ff30 pc=0x6aae00
runtime.goexit({})
	runtime/asm_arm64.s:1268 +0x4 fp=0x400051ffd0 sp=0x400051ffd0 pc=0x920c4
created by github.com/tonylturner/containd/pkg/dp/engine.(*Engine).Start in goroutine 1674
	github.com/tonylturner/containd/pkg/dp/engine/engine.go:271 +0x594

goroutine 1999 gp=0x400058cc40 m=nil [select]:
runtime.gopark(0x400078ef90?, 0x2?, 0x38?, 0xee?, 0x400078ef74?)
	runtime/proc.go:460 +0xc0 fp=0x400078edf0 sp=0x400078edd0 pc=0x8a190
runtime.selectgo(0x400078ef90, 0x400078ef70, 0x400078ef88?, 0x0, 0x7cc5fc15f?, 0x1)
	runtime/select.go:351 +0x6bc fp=0x400078ef30 sp=0x400078edf0 pc=0x69d9c
github.com/tonylturner/containd/pkg/dp/engine.(*Engine).Start.func2()
	github.com/tonylturner/containd/pkg/dp/engine/engine.go:275 +0xd0 fp=0x400078efd0 sp=0x400078ef30 pc=0x6aae00
runtime.goexit({})
	runtime/asm_arm64.s:1268 +0x4 fp=0x400078efd0 sp=0x400078efd0 pc=0x920c4
created by github.com/tonylturner/containd/pkg/dp/engine.(*Engine).Start in goroutine 1985
	github.com/tonylturner/containd/pkg/dp/engine/engine.go:271 +0x594

goroutine 2563 gp=0x4000014c40 m=nil [select]:
runtime.gopark(0x40005cc790?, 0x2?, 0x38?, 0xc6?, 0x40005cc774?)
	runtime/proc.go:460 +0xc0 fp=0x40005cc5f0 sp=0x40005cc5d0 pc=0x8a190
runtime.selectgo(0x40005cc790, 0x40005cc770, 0x0?, 0x0, 0x0?, 0x1)
	runtime/select.go:351 +0x6bc fp=0x40005cc730 sp=0x40005cc5f0 pc=0x69d9c
github.com/tonylturner/containd/pkg/dp/engine.(*Engine).Start.func2()
	github.com/tonylturner/containd/pkg/dp/engine/engine.go:275 +0xd0 fp=0x40005cc7d0 sp=0x40005cc730 pc=0x6aae00
runtime.goexit({})
	runtime/asm_arm64.s:1268 +0x4 fp=0x40005cc7d0 sp=0x40005cc7d0 pc=0x920c4
created by github.com/tonylturner/containd/pkg/dp/engine.(*Engine).Start in goroutine 2511
	github.com/tonylturner/containd/pkg/dp/engine/engine.go:271 +0x594

goroutine 1905 gp=0x4000014e00 m=nil [select]:
runtime.gopark(0x4000795f90?, 0x2?, 0x38?, 0x5e?, 0x4000795f74?)
	runtime/proc.go:460 +0xc0 fp=0x4000795df0 sp=0x4000795dd0 pc=0x8a190
runtime.selectgo(0x4000795f90, 0x4000795f70, 0x4000795f88?, 0x0, 0x7c154dca4?, 0x1)
	runtime/select.go:351 +0x6bc fp=0x4000795f30 sp=0x4000795df0 pc=0x69d9c
github.com/tonylturner/containd/pkg/dp/engine.(*Engine).Start.func2()
	github.com/tonylturner/containd/pkg/dp/engine/engine.go:275 +0xd0 fp=0x4000795fd0 sp=0x4000795f30 pc=0x6aae00
runtime.goexit({})
	runtime/asm_arm64.s:1268 +0x4 fp=0x4000795fd0 sp=0x4000795fd0 pc=0x920c4
created by github.com/tonylturner/containd/pkg/dp/engine.(*Engine).Start in goroutine 1891
	github.com/tonylturner/containd/pkg/dp/engine/engine.go:271 +0x594

goroutine 1923 gp=0x4000014fc0 m=nil [select]:
runtime.gopark(0x4000793f90?, 0x2?, 0x38?, 0x3e?, 0x4000793f74?)
	runtime/proc.go:460 +0xc0 fp=0x4000793df0 sp=0x4000793dd0 pc=0x8a190
runtime.selectgo(0x4000793f90, 0x4000793f70, 0x4000793f88?, 0x0, 0x7c200b403?, 0x1)
	runtime/select.go:351 +0x6bc fp=0x4000793f30 sp=0x4000793df0 pc=0x69d9c
github.com/tonylturner/containd/pkg/dp/engine.(*Engine).Start.func2()
	github.com/tonylturner/containd/pkg/dp/engine/engine.go:275 +0xd0 fp=0x4000793fd0 sp=0x4000793f30 pc=0x6aae00
runtime.goexit({})
	runtime/asm_arm64.s:1268 +0x4 fp=0x4000793fd0 sp=0x4000793fd0 pc=0x920c4
created by github.com/tonylturner/containd/pkg/dp/engine.(*Engine).Start in goroutine 1909
	github.com/tonylturner/containd/pkg/dp/engine/engine.go:271 +0x594

goroutine 2481 gp=0x4000015180 m=nil [select]:
runtime.gopark(0x40002f1790?, 0x2?, 0x38?, 0x16?, 0x40002f1774?)
	runtime/proc.go:460 +0xc0 fp=0x40002f15f0 sp=0x40002f15d0 pc=0x8a190
runtime.selectgo(0x40002f1790, 0x40002f1770, 0x4000590390?, 0x0, 0x40002f17a8?, 0x1)
	runtime/select.go:351 +0x6bc fp=0x40002f1730 sp=0x40002f15f0 pc=0x69d9c
github.com/tonylturner/containd/pkg/dp/engine.(*Engine).Start.func2()
	github.com/tonylturner/containd/pkg/dp/engine/engine.go:275 +0xd0 fp=0x40002f17d0 sp=0x40002f1730 pc=0x6aae00
runtime.goexit({})
	runtime/asm_arm64.s:1268 +0x4 fp=0x40002f17d0 sp=0x40002f17d0 pc=0x920c4
created by github.com/tonylturner/containd/pkg/dp/engine.(*Engine).Start in goroutine 2469
	github.com/tonylturner/containd/pkg/dp/engine/engine.go:271 +0x594

goroutine 1955 gp=0x4000015340 m=nil [select]:
runtime.gopark(0x4000791f90?, 0x2?, 0x38?, 0x1e?, 0x4000791f74?)
	runtime/proc.go:460 +0xc0 fp=0x4000791df0 sp=0x4000791dd0 pc=0x8a190
runtime.selectgo(0x4000791f90, 0x4000791f70, 0x4000791f88?, 0x0, 0x7c6f60cd0?, 0x1)
	runtime/select.go:351 +0x6bc fp=0x4000791f30 sp=0x4000791df0 pc=0x69d9c
github.com/tonylturner/containd/pkg/dp/engine.(*Engine).Start.func2()
	github.com/tonylturner/containd/pkg/dp/engine/engine.go:275 +0xd0 fp=0x4000791fd0 sp=0x4000791f30 pc=0x6aae00
runtime.goexit({})
	runtime/asm_arm64.s:1268 +0x4 fp=0x4000791fd0 sp=0x4000791fd0 pc=0x920c4
created by github.com/tonylturner/containd/pkg/dp/engine.(*Engine).Start in goroutine 1845
	github.com/tonylturner/containd/pkg/dp/engine/engine.go:271 +0x594

goroutine 2088 gp=0x400058ce00 m=nil [select]:
runtime.gopark(0x40002edf90?, 0x2?, 0x38?, 0xde?, 0x40002edf74?)
	runtime/proc.go:460 +0xc0 fp=0x40002eddf0 sp=0x40002eddd0 pc=0x8a190
runtime.selectgo(0x40002edf90, 0x40002edf70, 0x40002edf88?, 0x0, 0x7d642c13f?, 0x1)
	runtime/select.go:351 +0x6bc fp=0x40002edf30 sp=0x40002eddf0 pc=0x69d9c
github.com/tonylturner/containd/pkg/dp/engine.(*Engine).Start.func2()
	github.com/tonylturner/containd/pkg/dp/engine/engine.go:275 +0xd0 fp=0x40002edfd0 sp=0x40002edf30 pc=0x6aae00
runtime.goexit({})
	runtime/asm_arm64.s:1268 +0x4 fp=0x40002edfd0 sp=0x40002edfd0 pc=0x920c4
created by github.com/tonylturner/containd/pkg/dp/engine.(*Engine).Start in goroutine 2058
	github.com/tonylturner/containd/pkg/dp/engine/engine.go:271 +0x594

goroutine 3119 gp=0x4000015500 m=nil [select]:
runtime.gopark(0x40005d0790?, 0x2?, 0x38?, 0x6?, 0x40005d0774?)
	runtime/proc.go:460 +0xc0 fp=0x40005d05f0 sp=0x40005d05d0 pc=0x8a190
runtime.selectgo(0x40005d0790, 0x40005d0770, 0x400056eb90?, 0x0, 0x5d0000?, 0x1)
	runtime/select.go:351 +0x6bc fp=0x40005d0730 sp=0x40005d05f0 pc=0x69d9c
github.com/tonylturner/containd/pkg/dp/engine.(*Engine).Start.func2()
	github.com/tonylturner/containd/pkg/dp/engine/engine.go:275 +0xd0 fp=0x40005d07d0 sp=0x40005d0730 pc=0x6aae00
runtime.goexit({})
	runtime/asm_arm64.s:1268 +0x4 fp=0x40005d07d0 sp=0x40005d07d0 pc=0x920c4
created by github.com/tonylturner/containd/pkg/dp/engine.(*Engine).Start in goroutine 3125
	github.com/tonylturner/containd/pkg/dp/engine/engine.go:271 +0x594

goroutine 2123 gp=0x40000156c0 m=nil [select]:
runtime.gopark(0x4000791790?, 0x2?, 0x2?, 0x0?, 0x4000791774?)
	runtime/proc.go:460 +0xc0 fp=0x40007915f0 sp=0x40007915d0 pc=0x8a190
runtime.selectgo(0x4000791790, 0x4000791770, 0x0?, 0x0, 0x2?, 0x1)
	runtime/select.go:351 +0x6bc fp=0x4000791730 sp=0x40007915f0 pc=0x69d9c
github.com/tonylturner/containd/pkg/dp/engine.(*Engine).Start.func2()
	github.com/tonylturner/containd/pkg/dp/engine/engine.go:275 +0xd0 fp=0x40007917d0 sp=0x4000791730 pc=0x6aae00
runtime.goexit({})
	runtime/asm_arm64.s:1268 +0x4 fp=0x40007917d0 sp=0x40007917d0 pc=0x920c4
created by github.com/tonylturner/containd/pkg/dp/engine.(*Engine).Start in goroutine 2093
	github.com/tonylturner/containd/pkg/dp/engine/engine.go:271 +0x594

goroutine 1789 gp=0x4000015880 m=nil [select]:
runtime.gopark(0x400078e790?, 0x2?, 0x38?, 0xe6?, 0x400078e774?)
	runtime/proc.go:460 +0xc0 fp=0x400078e5f0 sp=0x400078e5d0 pc=0x8a190
runtime.selectgo(0x400078e790, 0x400078e770, 0x0?, 0x0, 0x0?, 0x1)
	runtime/select.go:351 +0x6bc fp=0x400078e730 sp=0x400078e5f0 pc=0x69d9c
github.com/tonylturner/containd/pkg/dp/engine.(*Engine).Start.func2()
	github.com/tonylturner/containd/pkg/dp/engine/engine.go:275 +0xd0 fp=0x400078e7d0 sp=0x400078e730 pc=0x6aae00
runtime.goexit({})
	runtime/asm_arm64.s:1268 +0x4 fp=0x400078e7d0 sp=0x400078e7d0 pc=0x920c4
created by github.com/tonylturner/containd/pkg/dp/engine.(*Engine).Start in goroutine 1960
	github.com/tonylturner/containd/pkg/dp/engine/engine.go:271 +0x594

goroutine 2299 gp=0x4000015a40 m=nil [select]:
runtime.gopark(0x40002f0f90?, 0x2?, 0x38?, 0xe?, 0x40002f0f74?)
	runtime/proc.go:460 +0xc0 fp=0x40002f0df0 sp=0x40002f0dd0 pc=0x8a190
runtime.selectgo(0x40002f0f90, 0x40002f0f70, 0x40002f0f88?, 0x0, 0x7f4c6103c?, 0x1)
	runtime/select.go:351 +0x6bc fp=0x40002f0f30 sp=0x40002f0df0 pc=0x69d9c
github.com/tonylturner/containd/pkg/dp/engine.(*Engine).Start.func2()
	github.com/tonylturner/containd/pkg/dp/engine/engine.go:275 +0xd0 fp=0x40002f0fd0 sp=0x40002f0f30 pc=0x6aae00
runtime.goexit({})
	runtime/asm_arm64.s:1268 +0x4 fp=0x40002f0fd0 sp=0x40002f0fd0 pc=0x920c4
created by github.com/tonylturner/containd/pkg/dp/engine.(*Engine).Start in goroutine 653
	github.com/tonylturner/containd/pkg/dp/engine/engine.go:271 +0x594

goroutine 2325 gp=0x4000015c00 m=nil [select]:
runtime.gopark(0x4000807f90?, 0x2?, 0x38?, 0x7e?, 0x4000807f74?)
	runtime/proc.go:460 +0xc0 fp=0x4000807df0 sp=0x4000807dd0 pc=0x8a190
runtime.selectgo(0x4000807f90, 0x4000807f70, 0x4000807f88?, 0x0, 0x7f9db03da?, 0x1)
	runtime/select.go:351 +0x6bc fp=0x4000807f30 sp=0x4000807df0 pc=0x69d9c
github.com/tonylturner/containd/pkg/dp/engine.(*Engine).Start.func2()
	github.com/tonylturner/containd/pkg/dp/engine/engine.go:275 +0xd0 fp=0x4000807fd0 sp=0x4000807f30 pc=0x6aae00
runtime.goexit({})
	runtime/asm_arm64.s:1268 +0x4 fp=0x4000807fd0 sp=0x4000807fd0 pc=0x920c4
created by github.com/tonylturner/containd/pkg/dp/engine.(*Engine).Start in goroutine 1031
	github.com/tonylturner/containd/pkg/dp/engine/engine.go:271 +0x594

goroutine 2052 gp=0x4000015dc0 m=nil [select]:
runtime.gopark(0x4000790790?, 0x2?, 0x38?, 0x6?, 0x4000790774?)
	runtime/proc.go:460 +0xc0 fp=0x40007905f0 sp=0x40007905d0 pc=0x8a190
runtime.selectgo(0x4000790790, 0x4000790770, 0x4000790788?, 0x0, 0x7d1419108?, 0x1)
	runtime/select.go:351 +0x6bc fp=0x4000790730 sp=0x40007905f0 pc=0x69d9c
github.com/tonylturner/containd/pkg/dp/engine.(*Engine).Start.func2()
	github.com/tonylturner/containd/pkg/dp/engine/engine.go:275 +0xd0 fp=0x40007907d0 sp=0x4000790730 pc=0x6aae00
runtime.goexit({})
	runtime/asm_arm64.s:1268 +0x4 fp=0x40007907d0 sp=0x40007907d0 pc=0x920c4
created by github.com/tonylturner/containd/pkg/dp/engine.(*Engine).Start in goroutine 1974
	github.com/tonylturner/containd/pkg/dp/engine/engine.go:271 +0x594

goroutine 2015 gp=0x40003a68c0 m=nil [select]:
runtime.gopark(0x400078ff90?, 0x2?, 0x38?, 0xfe?, 0x400078ff74?)
	runtime/proc.go:460 +0xc0 fp=0x400078fdf0 sp=0x400078fdd0 pc=0x8a190
runtime.selectgo(0x400078ff90, 0x400078ff70, 0x0?, 0x0, 0x0?, 0x1)
	runtime/select.go:351 +0x6bc fp=0x400078ff30 sp=0x400078fdf0 pc=0x69d9c
github.com/tonylturner/containd/pkg/dp/engine.(*Engine).Start.func2()
	github.com/tonylturner/containd/pkg/dp/engine/engine.go:275 +0xd0 fp=0x400078ffd0 sp=0x400078ff30 pc=0x6aae00
runtime.goexit({})
	runtime/asm_arm64.s:1268 +0x4 fp=0x400078ffd0 sp=0x400078ffd0 pc=0x920c4
created by github.com/tonylturner/containd/pkg/dp/engine.(*Engine).Start in goroutine 2018
	github.com/tonylturner/containd/pkg/dp/engine/engine.go:271 +0x594

goroutine 2953 gp=0x40003a6a80 m=nil [select]:
runtime.gopark(0x40002eff90?, 0x2?, 0x38?, 0xfe?, 0x40002eff74?)
	runtime/proc.go:460 +0xc0 fp=0x40002efdf0 sp=0x40002efdd0 pc=0x8a190
runtime.selectgo(0x40002eff90, 0x40002eff70, 0x40002eff88?, 0x0, 0x830f52573?, 0x1)
	runtime/select.go:351 +0x6bc fp=0x40002eff30 sp=0x40002efdf0 pc=0x69d9c
github.com/tonylturner/containd/pkg/dp/engine.(*Engine).Start.func2()
	github.com/tonylturner/containd/pkg/dp/engine/engine.go:275 +0xd0 fp=0x40002effd0 sp=0x40002eff30 pc=0x6aae00
runtime.goexit({})
	runtime/asm_arm64.s:1268 +0x4 fp=0x40002effd0 sp=0x40002effd0 pc=0x920c4
created by github.com/tonylturner/containd/pkg/dp/engine.(*Engine).Start in goroutine 2891
	github.com/tonylturner/containd/pkg/dp/engine/engine.go:271 +0x594

goroutine 2504 gp=0x40003a6c40 m=nil [select]:
runtime.gopark(0x400051c790?, 0x2?, 0x38?, 0xc6?, 0x400051c774?)
	runtime/proc.go:460 +0xc0 fp=0x400051c5f0 sp=0x400051c5d0 pc=0x8a190
runtime.selectgo(0x400051c790, 0x400051c770, 0x400051c788?, 0x0, 0x81029ac13?, 0x1)
	runtime/select.go:351 +0x6bc fp=0x400051c730 sp=0x400051c5f0 pc=0x69d9c
github.com/tonylturner/containd/pkg/dp/engine.(*Engine).Start.func2()
	github.com/tonylturner/containd/pkg/dp/engine/engine.go:275 +0xd0 fp=0x400051c7d0 sp=0x400051c730 pc=0x6aae00
runtime.goexit({})
	runtime/asm_arm64.s:1268 +0x4 fp=0x400051c7d0 sp=0x400051c7d0 pc=0x920c4
created by github.com/tonylturner/containd/pkg/dp/engine.(*Engine).Start in goroutine 2394
	github.com/tonylturner/containd/pkg/dp/engine/engine.go:271 +0x594

goroutine 2099 gp=0x40003a6e00 m=nil [select]:
runtime.gopark(0x400080af90?, 0x2?, 0x38?, 0xae?, 0x400080af74?)
	runtime/proc.go:460 +0xc0 fp=0x400080adf0 sp=0x400080add0 pc=0x8a190
runtime.selectgo(0x400080af90, 0x400080af70, 0x400080af88?, 0x0, 0x7da8caf8f?, 0x1)
	runtime/select.go:351 +0x6bc fp=0x400080af30 sp=0x400080adf0 pc=0x69d9c
github.com/tonylturner/containd/pkg/dp/engine.(*Engine).Start.func2()
	github.com/tonylturner/containd/pkg/dp/engine/engine.go:275 +0xd0 fp=0x400080afd0 sp=0x400080af30 pc=0x6aae00
runtime.goexit({})
	runtime/asm_arm64.s:1268 +0x4 fp=0x400080afd0 sp=0x400080afd0 pc=0x920c4
created by github.com/tonylturner/containd/pkg/dp/engine.(*Engine).Start in goroutine 2069
	github.com/tonylturner/containd/pkg/dp/engine/engine.go:271 +0x594

goroutine 2174 gp=0x40003a6fc0 m=nil [select]:
runtime.gopark(0x40005d3f90?, 0x2?, 0x38?, 0x3e?, 0x40005d3f74?)
	runtime/proc.go:460 +0xc0 fp=0x40005d3df0 sp=0x40005d3dd0 pc=0x8a190
runtime.selectgo(0x40005d3f90, 0x40005d3f70, 0x0?, 0x0, 0x0?, 0x1)
	runtime/select.go:351 +0x6bc fp=0x40005d3f30 sp=0x40005d3df0 pc=0x69d9c
github.com/tonylturner/containd/pkg/dp/engine.(*Engine).Start.func2()
	github.com/tonylturner/containd/pkg/dp/engine/engine.go:275 +0xd0 fp=0x40005d3fd0 sp=0x40005d3f30 pc=0x6aae00
runtime.goexit({})
	runtime/asm_arm64.s:1268 +0x4 fp=0x40005d3fd0 sp=0x40005d3fd0 pc=0x920c4
created by github.com/tonylturner/containd/pkg/dp/engine.(*Engine).Start in goroutine 2189
	github.com/tonylturner/containd/pkg/dp/engine/engine.go:271 +0x594

goroutine 2133 gp=0x400058cfc0 m=nil [select]:
runtime.gopark(0x4000807790?, 0x2?, 0x2?, 0x0?, 0x4000807774?)
	runtime/proc.go:460 +0xc0 fp=0x40008075f0 sp=0x40008075d0 pc=0x8a190
runtime.selectgo(0x4000807790, 0x4000807770, 0x4000724990?, 0x0, 0x800000?, 0x1)
	runtime/select.go:351 +0x6bc fp=0x4000807730 sp=0x40008075f0 pc=0x69d9c
github.com/tonylturner/containd/pkg/dp/engine.(*Engine).Start.func2()
	github.com/tonylturner/containd/pkg/dp/engine/engine.go:275 +0xd0 fp=0x40008077d0 sp=0x4000807730 pc=0x6aae00
runtime.goexit({})
	runtime/asm_arm64.s:1268 +0x4 fp=0x40008077d0 sp=0x40008077d0 pc=0x920c4
created by github.com/tonylturner/containd/pkg/dp/engine.(*Engine).Start in goroutine 2104
	github.com/tonylturner/containd/pkg/dp/engine/engine.go:271 +0x594

goroutine 2280 gp=0x400058d180 m=nil [select]:
runtime.gopark(0x40002ebf90?, 0x2?, 0x38?, 0xbe?, 0x40002ebf74?)
	runtime/proc.go:460 +0xc0 fp=0x40002ebdf0 sp=0x40002ebdd0 pc=0x8a190
runtime.selectgo(0x40002ebf90, 0x40002ebf70, 0x40002ebf88?, 0x0, 0x7f023bfc8?, 0x1)
	runtime/select.go:351 +0x6bc fp=0x40002ebf30 sp=0x40002ebdf0 pc=0x69d9c
github.com/tonylturner/containd/pkg/dp/engine.(*Engine).Start.func2()
	github.com/tonylturner/containd/pkg/dp/engine/engine.go:275 +0xd0 fp=0x40002ebfd0 sp=0x40002ebf30 pc=0x6aae00
runtime.goexit({})
	runtime/asm_arm64.s:1268 +0x4 fp=0x40002ebfd0 sp=0x40002ebfd0 pc=0x920c4
created by github.com/tonylturner/containd/pkg/dp/engine.(*Engine).Start in goroutine 2202
	github.com/tonylturner/containd/pkg/dp/engine/engine.go:271 +0x594

goroutine 2239 gp=0x400058d340 m=nil [select]:
runtime.gopark(0x400080a790?, 0x2?, 0x38?, 0xa6?, 0x400080a774?)
	runtime/proc.go:460 +0xc0 fp=0x400080a5f0 sp=0x400080a5d0 pc=0x8a190
runtime.selectgo(0x400080a790, 0x400080a770, 0x40005904d0?, 0x0, 0x800000?, 0x1)
	runtime/select.go:351 +0x6bc fp=0x400080a730 sp=0x400080a5f0 pc=0x69d9c
github.com/tonylturner/containd/pkg/dp/engine.(*Engine).Start.func2()
	github.com/tonylturner/containd/pkg/dp/engine/engine.go:275 +0xd0 fp=0x400080a7d0 sp=0x400080a730 pc=0x6aae00
runtime.goexit({})
	runtime/asm_arm64.s:1268 +0x4 fp=0x400080a7d0 sp=0x400080a7d0 pc=0x920c4
created by github.com/tonylturner/containd/pkg/dp/engine.(*Engine).Start in goroutine 2140
	github.com/tonylturner/containd/pkg/dp/engine/engine.go:271 +0x594

goroutine 3527 gp=0x400058d500 m=nil [select]:
runtime.gopark(0x400073f790?, 0x2?, 0x38?, 0xf6?, 0x400073f774?)
	runtime/proc.go:460 +0xc0 fp=0x400073f5f0 sp=0x400073f5d0 pc=0x8a190
runtime.selectgo(0x400073f790, 0x400073f770, 0x400073f788?, 0x0, 0x84dfc4985?, 0x1)
	runtime/select.go:351 +0x6bc fp=0x400073f730 sp=0x400073f5f0 pc=0x69d9c
github.com/tonylturner/containd/pkg/dp/engine.(*Engine).Start.func2()
	github.com/tonylturner/containd/pkg/dp/engine/engine.go:275 +0xd0 fp=0x400073f7d0 sp=0x400073f730 pc=0x6aae00
runtime.goexit({})
	runtime/asm_arm64.s:1268 +0x4 fp=0x400073f7d0 sp=0x400073f7d0 pc=0x920c4
created by github.com/tonylturner/containd/pkg/dp/engine.(*Engine).Start in goroutine 3513
	github.com/tonylturner/containd/pkg/dp/engine/engine.go:271 +0x594

goroutine 2184 gp=0x400038a380 m=nil [select]:
runtime.gopark(0x40002ef790?, 0x2?, 0x38?, 0xf6?, 0x40002ef774?)
	runtime/proc.go:460 +0xc0 fp=0x40002ef5f0 sp=0x40002ef5d0 pc=0x8a190
runtime.selectgo(0x40002ef790, 0x40002ef770, 0x0?, 0x0, 0x0?, 0x1)
	runtime/select.go:351 +0x6bc fp=0x40002ef730 sp=0x40002ef5f0 pc=0x69d9c
github.com/tonylturner/containd/pkg/dp/engine.(*Engine).Start.func2()
	github.com/tonylturner/containd/pkg/dp/engine/engine.go:275 +0xd0 fp=0x40002ef7d0 sp=0x40002ef730 pc=0x6aae00
runtime.goexit({})
	runtime/asm_arm64.s:1268 +0x4 fp=0x40002ef7d0 sp=0x40002ef7d0 pc=0x920c4
created by github.com/tonylturner/containd/pkg/dp/engine.(*Engine).Start in goroutine 1941
	github.com/tonylturner/containd/pkg/dp/engine/engine.go:271 +0x594

goroutine 2225 gp=0x400038a700 m=nil [select]:
runtime.gopark(0x40002ea790?, 0x2?, 0x38?, 0xa6?, 0x40002ea774?)
	runtime/proc.go:460 +0xc0 fp=0x40002ea5f0 sp=0x40002ea5d0 pc=0x8a190
runtime.selectgo(0x40002ea790, 0x40002ea770, 0x40002ea788?, 0x0, 0x7ea50fbb7?, 0x1)
	runtime/select.go:351 +0x6bc fp=0x40002ea730 sp=0x40002ea5f0 pc=0x69d9c
github.com/tonylturner/containd/pkg/dp/engine.(*Engine).Start.func2()
	github.com/tonylturner/containd/pkg/dp/engine/engine.go:275 +0xd0 fp=0x40002ea7d0 sp=0x40002ea730 pc=0x6aae00
runtime.goexit({})
	runtime/asm_arm64.s:1268 +0x4 fp=0x40002ea7d0 sp=0x40002ea7d0 pc=0x920c4
created by github.com/tonylturner/containd/pkg/dp/engine.(*Engine).Start in goroutine 2211
	github.com/tonylturner/containd/pkg/dp/engine/engine.go:271 +0x594

goroutine 2314 gp=0x400058d6c0 m=nil [select]:
runtime.gopark(0x40005cff90?, 0x2?, 0x38?, 0xfe?, 0x40005cff74?)
	runtime/proc.go:460 +0xc0 fp=0x40005cfdf0 sp=0x40005cfdd0 pc=0x8a190
runtime.selectgo(0x40005cff90, 0x40005cff70, 0x0?, 0x0, 0x2?, 0x1)
	runtime/select.go:351 +0x6bc fp=0x40005cff30 sp=0x40005cfdf0 pc=0x69d9c
github.com/tonylturner/containd/pkg/dp/engine.(*Engine).Start.func2()
	github.com/tonylturner/containd/pkg/dp/engine/engine.go:275 +0xd0 fp=0x40005cffd0 sp=0x40005cff30 pc=0x6aae00
runtime.goexit({})
	runtime/asm_arm64.s:1268 +0x4 fp=0x40005cffd0 sp=0x40005cffd0 pc=0x920c4
created by github.com/tonylturner/containd/pkg/dp/engine.(*Engine).Start in goroutine 2252
	github.com/tonylturner/containd/pkg/dp/engine/engine.go:271 +0x594

goroutine 2245 gp=0x400058d880 m=nil [select]:
runtime.gopark(0x40002eb790?, 0x2?, 0x38?, 0xb6?, 0x40002eb774?)
	runtime/proc.go:460 +0xc0 fp=0x40002eb5f0 sp=0x40002eb5d0 pc=0x8a190
runtime.selectgo(0x40002eb790, 0x40002eb770, 0x0?, 0x0, 0x0?, 0x1)
	runtime/select.go:351 +0x6bc fp=0x40002eb730 sp=0x40002eb5f0 pc=0x69d9c
github.com/tonylturner/containd/pkg/dp/engine.(*Engine).Start.func2()
	github.com/tonylturner/containd/pkg/dp/engine/engine.go:275 +0xd0 fp=0x40002eb7d0 sp=0x40002eb730 pc=0x6aae00
runtime.goexit({})
	runtime/asm_arm64.s:1268 +0x4 fp=0x40002eb7d0 sp=0x40002eb7d0 pc=0x920c4
created by github.com/tonylturner/containd/pkg/dp/engine.(*Engine).Start in goroutine 2257
	github.com/tonylturner/containd/pkg/dp/engine/engine.go:271 +0x594

goroutine 2673 gp=0x400058dc00 m=nil [select]:
runtime.gopark(0x4000809f90?, 0x2?, 0x38?, 0x9e?, 0x4000809f74?)
	runtime/proc.go:460 +0xc0 fp=0x4000809df0 sp=0x4000809dd0 pc=0x8a190
runtime.selectgo(0x4000809f90, 0x4000809f70, 0x4000590490?, 0x0, 0x800000?, 0x1)
	runtime/select.go:351 +0x6bc fp=0x4000809f30 sp=0x4000809df0 pc=0x69d9c
github.com/tonylturner/containd/pkg/dp/engine.(*Engine).Start.func2()
	github.com/tonylturner/containd/pkg/dp/engine/engine.go:275 +0xd0 fp=0x4000809fd0 sp=0x4000809f30 pc=0x6aae00
runtime.goexit({})
	runtime/asm_arm64.s:1268 +0x4 fp=0x4000809fd0 sp=0x4000809fd0 pc=0x920c4
created by github.com/tonylturner/containd/pkg/dp/engine.(*Engine).Start in goroutine 2658
	github.com/tonylturner/containd/pkg/dp/engine/engine.go:271 +0x594

goroutine 2381 gp=0x400058ddc0 m=nil [select]:
runtime.gopark(0x40002f0790?, 0x2?, 0x38?, 0x6?, 0x40002f0774?)
	runtime/proc.go:460 +0xc0 fp=0x40002f05f0 sp=0x40002f05d0 pc=0x8a190
runtime.selectgo(0x40002f0790, 0x40002f0770, 0x40002f0788?, 0x0, 0x7ff24e80b?, 0x1)
	runtime/select.go:351 +0x6bc fp=0x40002f0730 sp=0x40002f05f0 pc=0x69d9c
github.com/tonylturner/containd/pkg/dp/engine.(*Engine).Start.func2()
	github.com/tonylturner/containd/pkg/dp/engine/engine.go:275 +0xd0 fp=0x40002f07d0 sp=0x40002f0730 pc=0x6aae00
runtime.goexit({})
	runtime/asm_arm64.s:1268 +0x4 fp=0x40002f07d0 sp=0x40002f07d0 pc=0x920c4
created by github.com/tonylturner/containd/pkg/dp/engine.(*Engine).Start in goroutine 2319
	github.com/tonylturner/containd/pkg/dp/engine/engine.go:271 +0x594

goroutine 2352 gp=0x400038ac40 m=nil [select]:
runtime.gopark(0x40005d2790?, 0x2?, 0x38?, 0x26?, 0x40005d2774?)
	runtime/proc.go:460 +0xc0 fp=0x40005d25f0 sp=0x40005d25d0 pc=0x8a190
runtime.selectgo(0x40005d2790, 0x40005d2770, 0x40005d2788?, 0x0, 0x7fa6af935?, 0x1)
	runtime/select.go:351 +0x6bc fp=0x40005d2730 sp=0x40005d25f0 pc=0x69d9c
github.com/tonylturner/containd/pkg/dp/engine.(*Engine).Start.func2()
	github.com/tonylturner/containd/pkg/dp/engine/engine.go:275 +0xd0 fp=0x40005d27d0 sp=0x40005d2730 pc=0x6aae00
runtime.goexit({})
	runtime/asm_arm64.s:1268 +0x4 fp=0x40005d27d0 sp=0x40005d27d0 pc=0x920c4
created by github.com/tonylturner/containd/pkg/dp/engine.(*Engine).Start in goroutine 2338
	github.com/tonylturner/containd/pkg/dp/engine/engine.go:271 +0x594

goroutine 2516 gp=0x400038afc0 m=nil [select]:
runtime.gopark(0x4000792790?, 0x2?, 0x38?, 0x26?, 0x4000792774?)
	runtime/proc.go:460 +0xc0 fp=0x40007925f0 sp=0x40007925d0 pc=0x8a190
runtime.selectgo(0x4000792790, 0x4000792770, 0x4000792788?, 0x0, 0x810caa7aa?, 0x1)
	runtime/select.go:351 +0x6bc fp=0x4000792730 sp=0x40007925f0 pc=0x69d9c
github.com/tonylturner/containd/pkg/dp/engine.(*Engine).Start.func2()
	github.com/tonylturner/containd/pkg/dp/engine/engine.go:275 +0xd0 fp=0x40007927d0 sp=0x4000792730 pc=0x6aae00
runtime.goexit({})
	runtime/asm_arm64.s:1268 +0x4 fp=0x40007927d0 sp=0x40007927d0 pc=0x920c4
created by github.com/tonylturner/containd/pkg/dp/engine.(*Engine).Start in goroutine 2486
	github.com/tonylturner/containd/pkg/dp/engine/engine.go:271 +0x594

goroutine 2387 gp=0x40003a7180 m=nil [select]:
runtime.gopark(0x4000809790?, 0x2?, 0x38?, 0x96?, 0x4000809774?)
	runtime/proc.go:460 +0xc0 fp=0x40008095f0 sp=0x40008095d0 pc=0x8a190
runtime.selectgo(0x4000809790, 0x4000809770, 0x4000809788?, 0x0, 0x7ffaf0b2a?, 0x1)
	runtime/select.go:351 +0x6bc fp=0x4000809730 sp=0x40008095f0 pc=0x69d9c
github.com/tonylturner/containd/pkg/dp/engine.(*Engine).Start.func2()
	github.com/tonylturner/containd/pkg/dp/engine/engine.go:275 +0xd0 fp=0x40008097d0 sp=0x4000809730 pc=0x6aae00
runtime.goexit({})
	runtime/asm_arm64.s:1268 +0x4 fp=0x40008097d0 sp=0x40008097d0 pc=0x920c4
created by github.com/tonylturner/containd/pkg/dp/engine.(*Engine).Start in goroutine 2357
	github.com/tonylturner/containd/pkg/dp/engine/engine.go:271 +0x594

goroutine 2426 gp=0x40002e8000 m=nil [select]:
runtime.gopark(0x40002ee790?, 0x2?, 0x38?, 0xe6?, 0x40002ee774?)
	runtime/proc.go:460 +0xc0 fp=0x40002ee5f0 sp=0x40002ee5d0 pc=0x8a190
runtime.selectgo(0x40002ee790, 0x40002ee770, 0x40002ee788?, 0x0, 0x8049cbc7d?, 0x1)
	runtime/select.go:351 +0x6bc fp=0x40002ee730 sp=0x40002ee5f0 pc=0x69d9c
github.com/tonylturner/containd/pkg/dp/engine.(*Engine).Start.func2()
	github.com/tonylturner/containd/pkg/dp/engine/engine.go:275 +0xd0 fp=0x40002ee7d0 sp=0x40002ee730 pc=0x6aae00
runtime.goexit({})
	runtime/asm_arm64.s:1268 +0x4 fp=0x40002ee7d0 sp=0x40002ee7d0 pc=0x920c4
created by github.com/tonylturner/containd/pkg/dp/engine.(*Engine).Start in goroutine 2332
	github.com/tonylturner/containd/pkg/dp/engine/engine.go:271 +0x594

goroutine 2437 gp=0x40003a7340 m=nil [select]:
runtime.gopark(0x40002ec790?, 0x2?, 0x38?, 0xc6?, 0x40002ec774?)
	runtime/proc.go:460 +0xc0 fp=0x40002ec5f0 sp=0x40002ec5d0 pc=0x8a190
runtime.selectgo(0x40002ec790, 0x40002ec770, 0x0?, 0x0, 0x2?, 0x1)
	runtime/select.go:351 +0x6bc fp=0x40002ec730 sp=0x40002ec5f0 pc=0x69d9c
github.com/tonylturner/containd/pkg/dp/engine.(*Engine).Start.func2()
	github.com/tonylturner/containd/pkg/dp/engine/engine.go:275 +0xd0 fp=0x40002ec7d0 sp=0x40002ec730 pc=0x6aae00
runtime.goexit({})
	runtime/asm_arm64.s:1268 +0x4 fp=0x40002ec7d0 sp=0x40002ec7d0 pc=0x920c4
created by github.com/tonylturner/containd/pkg/dp/engine.(*Engine).Start in goroutine 1948
	github.com/tonylturner/containd/pkg/dp/engine/engine.go:271 +0x594

goroutine 2647 gp=0x40003a7500 m=nil [select]:
runtime.gopark(0x40005d1790?, 0x2?, 0x38?, 0x16?, 0x40005d1774?)
	runtime/proc.go:460 +0xc0 fp=0x40005d15f0 sp=0x40005d15d0 pc=0x8a190
runtime.selectgo(0x40005d1790, 0x40005d1770, 0x40005d1788?, 0x0, 0x8223b238b?, 0x1)
	runtime/select.go:351 +0x6bc fp=0x40005d1730 sp=0x40005d15f0 pc=0x69d9c
github.com/tonylturner/containd/pkg/dp/engine.(*Engine).Start.func2()
	github.com/tonylturner/containd/pkg/dp/engine/engine.go:275 +0xd0 fp=0x40005d17d0 sp=0x40005d1730 pc=0x6aae00
runtime.goexit({})
	runtime/asm_arm64.s:1268 +0x4 fp=0x40005d17d0 sp=0x40005d17d0 pc=0x920c4
created by github.com/tonylturner/containd/pkg/dp/engine.(*Engine).Start in goroutine 2633
	github.com/tonylturner/containd/pkg/dp/engine/engine.go:271 +0x594

goroutine 2630 gp=0x40003a76c0 m=nil [select]:
runtime.gopark(0x4000087790?, 0x2?, 0x38?, 0x76?, 0x4000087774?)
	runtime/proc.go:460 +0xc0 fp=0x40000875f0 sp=0x40000875d0 pc=0x8a190
runtime.selectgo(0x4000087790, 0x4000087770, 0x4000087788?, 0x0, 0x8211690f1?, 0x1)
	runtime/select.go:351 +0x6bc fp=0x4000087730 sp=0x40000875f0 pc=0x69d9c
github.com/tonylturner/containd/pkg/dp/engine.(*Engine).Start.func2()
	github.com/tonylturner/containd/pkg/dp/engine/engine.go:275 +0xd0 fp=0x40000877d0 sp=0x4000087730 pc=0x6aae00
runtime.goexit({})
	runtime/asm_arm64.s:1268 +0x4 fp=0x40000877d0 sp=0x40000877d0 pc=0x920c4
created by github.com/tonylturner/containd/pkg/dp/engine.(*Engine).Start in goroutine 2568
	github.com/tonylturner/containd/pkg/dp/engine/engine.go:271 +0x594

goroutine 2847 gp=0x40003a7880 m=nil [select]:
runtime.gopark(0x40005cdf90?, 0x2?, 0x38?, 0xde?, 0x40005cdf74?)
	runtime/proc.go:460 +0xc0 fp=0x40005cddf0 sp=0x40005cddd0 pc=0x8a190
runtime.selectgo(0x40005cdf90, 0x40005cdf70, 0x40005cdf88?, 0x0, 0x82cc86d54?, 0x1)
	runtime/select.go:351 +0x6bc fp=0x40005cdf30 sp=0x40005cddf0 pc=0x69d9c
github.com/tonylturner/containd/pkg/dp/engine.(*Engine).Start.func2()
	github.com/tonylturner/containd/pkg/dp/engine/engine.go:275 +0xd0 fp=0x40005cdfd0 sp=0x40005cdf30 pc=0x6aae00
runtime.goexit({})
	runtime/asm_arm64.s:1268 +0x4 fp=0x40005cdfd0 sp=0x40005cdfd0 pc=0x920c4
created by github.com/tonylturner/containd/pkg/dp/engine.(*Engine).Start in goroutine 2833
	github.com/tonylturner/containd/pkg/dp/engine/engine.go:271 +0x594

goroutine 2535 gp=0x40003a7a40 m=nil [select]:
runtime.gopark(0x40002eef90?, 0x2?, 0x38?, 0xee?, 0x40002eef74?)
	runtime/proc.go:460 +0xc0 fp=0x40002eedf0 sp=0x40002eedd0 pc=0x8a190
runtime.selectgo(0x40002eef90, 0x40002eef70, 0x40002eef88?, 0x0, 0x8159b4b01?, 0x1)
	runtime/select.go:351 +0x6bc fp=0x40002eef30 sp=0x40002eedf0 pc=0x69d9c
github.com/tonylturner/containd/pkg/dp/engine.(*Engine).Start.func2()
	github.com/tonylturner/containd/pkg/dp/engine/engine.go:275 +0xd0 fp=0x40002eefd0 sp=0x40002eef30 pc=0x6aae00
runtime.goexit({})
	runtime/asm_arm64.s:1268 +0x4 fp=0x40002eefd0 sp=0x40002eefd0 pc=0x920c4
created by github.com/tonylturner/containd/pkg/dp/engine.(*Engine).Start in goroutine 2521
	github.com/tonylturner/containd/pkg/dp/engine/engine.go:271 +0x594

goroutine 2684 gp=0x40003a7c00 m=nil [select]:
runtime.gopark(0x40004e3790?, 0x2?, 0x38?, 0x36?, 0x40004e3774?)
	runtime/proc.go:460 +0xc0 fp=0x40004e35f0 sp=0x40004e35d0 pc=0x8a190
runtime.selectgo(0x40004e3790, 0x40004e3770, 0xbc7aab?, 0x0, 0x4000810870?, 0x1)
	runtime/select.go:351 +0x6bc fp=0x40004e3730 sp=0x40004e35f0 pc=0x69d9c
github.com/tonylturner/containd/pkg/dp/engine.(*Engine).Start.func2()
	github.com/tonylturner/containd/pkg/dp/engine/engine.go:275 +0xd0 fp=0x40004e37d0 sp=0x40004e3730 pc=0x6aae00
runtime.goexit({})
	runtime/asm_arm64.s:1268 +0x4 fp=0x40004e37d0 sp=0x40004e37d0 pc=0x920c4
created by github.com/tonylturner/containd/pkg/dp/engine.(*Engine).Start in goroutine 2722
	github.com/tonylturner/containd/pkg/dp/engine/engine.go:271 +0x594

goroutine 2877 gp=0x40003a7dc0 m=nil [select]:
runtime.gopark(0x40004e2f90?, 0x2?, 0x38?, 0x2e?, 0x40004e2f74?)
	runtime/proc.go:460 +0xc0 fp=0x40004e2df0 sp=0x40004e2dd0 pc=0x8a190
runtime.selectgo(0x40004e2f90, 0x40004e2f70, 0x40004e2f88?, 0x0, 0x82d5358a4?, 0x1)
	runtime/select.go:351 +0x6bc fp=0x40004e2f30 sp=0x40004e2df0 pc=0x69d9c
github.com/tonylturner/containd/pkg/dp/engine.(*Engine).Start.func2()
	github.com/tonylturner/containd/pkg/dp/engine/engine.go:275 +0xd0 fp=0x40004e2fd0 sp=0x40004e2f30 pc=0x6aae00
runtime.goexit({})
	runtime/asm_arm64.s:1268 +0x4 fp=0x40004e2fd0 sp=0x40004e2fd0 pc=0x920c4
created by github.com/tonylturner/containd/pkg/dp/engine.(*Engine).Start in goroutine 2559
	github.com/tonylturner/containd/pkg/dp/engine/engine.go:271 +0x594

goroutine 2552 gp=0x400038b180 m=nil [select]:
runtime.gopark(0x40002eaf90?, 0x2?, 0x38?, 0xae?, 0x40002eaf74?)
	runtime/proc.go:460 +0xc0 fp=0x40002eadf0 sp=0x40002eadd0 pc=0x8a190
runtime.selectgo(0x40002eaf90, 0x40002eaf70, 0x400021b6d0?, 0x0, 0x2e0000?, 0x1)
	runtime/select.go:351 +0x6bc fp=0x40002eaf30 sp=0x40002eadf0 pc=0x69d9c
github.com/tonylturner/containd/pkg/dp/engine.(*Engine).Start.func2()
	github.com/tonylturner/containd/pkg/dp/engine/engine.go:275 +0xd0 fp=0x40002eafd0 sp=0x40002eaf30 pc=0x6aae00
runtime.goexit({})
	runtime/asm_arm64.s:1268 +0x4 fp=0x40002eafd0 sp=0x40002eafd0 pc=0x920c4
created by github.com/tonylturner/containd/pkg/dp/engine.(*Engine).Start in goroutine 2538
	github.com/tonylturner/containd/pkg/dp/engine/engine.go:271 +0x594

goroutine 2590 gp=0x400038b340 m=nil [select]:
runtime.gopark(0x40005ccf90?, 0x2?, 0x38?, 0xce?, 0x40005ccf74?)
	runtime/proc.go:460 +0xc0 fp=0x40005ccdf0 sp=0x40005ccdd0 pc=0x8a190
runtime.selectgo(0x40005ccf90, 0x40005ccf70, 0x40005ccf88?, 0x0, 0x81b9b6725?, 0x1)
	runtime/select.go:351 +0x6bc fp=0x40005ccf30 sp=0x40005ccdf0 pc=0x69d9c
github.com/tonylturner/containd/pkg/dp/engine.(*Engine).Start.func2()
	github.com/tonylturner/containd/pkg/dp/engine/engine.go:275 +0xd0 fp=0x40005ccfd0 sp=0x40005ccf30 pc=0x6aae00
runtime.goexit({})
	runtime/asm_arm64.s:1268 +0x4 fp=0x40005ccfd0 sp=0x40005ccfd0 pc=0x920c4
created by github.com/tonylturner/containd/pkg/dp/engine.(*Engine).Start in goroutine 2416
	github.com/tonylturner/containd/pkg/dp/engine/engine.go:271 +0x594

goroutine 2603 gp=0x400038b500 m=nil [select]:
runtime.gopark(0x40005d0f90?, 0x2?, 0x38?, 0xe?, 0x40005d0f74?)
	runtime/proc.go:460 +0xc0 fp=0x40005d0df0 sp=0x40005d0dd0 pc=0x8a190
runtime.selectgo(0x40005d0f90, 0x40005d0f70, 0x4000320f90?, 0x0, 0x5d0000?, 0x1)
	runtime/select.go:351 +0x6bc fp=0x40005d0f30 sp=0x40005d0df0 pc=0x69d9c
github.com/tonylturner/containd/pkg/dp/engine.(*Engine).Start.func2()
	github.com/tonylturner/containd/pkg/dp/engine/engine.go:275 +0xd0 fp=0x40005d0fd0 sp=0x40005d0f30 pc=0x6aae00
runtime.goexit({})
	runtime/asm_arm64.s:1268 +0x4 fp=0x40005d0fd0 sp=0x40005d0fd0 pc=0x920c4
created by github.com/tonylturner/containd/pkg/dp/engine.(*Engine).Start in goroutine 2596
	github.com/tonylturner/containd/pkg/dp/engine/engine.go:271 +0x594

goroutine 2715 gp=0x400038b6c0 m=nil [select]:
runtime.gopark(0x4000792f90?, 0x2?, 0x38?, 0x2e?, 0x4000792f74?)
	runtime/proc.go:460 +0xc0 fp=0x4000792df0 sp=0x4000792dd0 pc=0x8a190
runtime.selectgo(0x4000792f90, 0x4000792f70, 0x4000792f88?, 0x0, 0x824faaff1?, 0x1)
	runtime/select.go:351 +0x6bc fp=0x4000792f30 sp=0x4000792df0 pc=0x69d9c
github.com/tonylturner/containd/pkg/dp/engine.(*Engine).Start.func2()
	github.com/tonylturner/containd/pkg/dp/engine/engine.go:275 +0xd0 fp=0x4000792fd0 sp=0x4000792f30 pc=0x6aae00
runtime.goexit({})
	runtime/asm_arm64.s:1268 +0x4 fp=0x4000792fd0 sp=0x4000792fd0 pc=0x920c4
created by github.com/tonylturner/containd/pkg/dp/engine.(*Engine).Start in goroutine 2669
	github.com/tonylturner/containd/pkg/dp/engine/engine.go:271 +0x594

goroutine 2749 gp=0x40002e8380 m=nil [select]:
runtime.gopark(0x40004e3f90?, 0x2?, 0x38?, 0x3e?, 0x40004e3f74?)
	runtime/proc.go:460 +0xc0 fp=0x40004e3df0 sp=0x40004e3dd0 pc=0x8a190
runtime.selectgo(0x40004e3f90, 0x40004e3f70, 0x40004e3f88?, 0x0, 0x827f62858?, 0x1)
	runtime/select.go:351 +0x6bc fp=0x40004e3f30 sp=0x40004e3df0 pc=0x69d9c
github.com/tonylturner/containd/pkg/dp/engine.(*Engine).Start.func2()
	github.com/tonylturner/containd/pkg/dp/engine/engine.go:275 +0xd0 fp=0x40004e3fd0 sp=0x40004e3f30 pc=0x6aae00
runtime.goexit({})
	runtime/asm_arm64.s:1268 +0x4 fp=0x40004e3fd0 sp=0x40004e3fd0 pc=0x920c4
created by github.com/tonylturner/containd/pkg/dp/engine.(*Engine).Start in goroutine 2703
	github.com/tonylturner/containd/pkg/dp/engine/engine.go:271 +0x594

goroutine 2698 gp=0x40002e8540 m=nil [select]:
runtime.gopark(0x40005d1f90?, 0x2?, 0x38?, 0x1e?, 0x40005d1f74?)
	runtime/proc.go:460 +0xc0 fp=0x40005d1df0 sp=0x40005d1dd0 pc=0x8a190
runtime.selectgo(0x40005d1f90, 0x40005d1f70, 0x40005d1f88?, 0x0, 0x823ff70c4?, 0x1)
	runtime/select.go:351 +0x6bc fp=0x40005d1f30 sp=0x40005d1df0 pc=0x69d9c
github.com/tonylturner/containd/pkg/dp/engine.(*Engine).Start.func2()
	github.com/tonylturner/containd/pkg/dp/engine/engine.go:275 +0xd0 fp=0x40005d1fd0 sp=0x40005d1f30 pc=0x6aae00
runtime.goexit({})
	runtime/asm_arm64.s:1268 +0x4 fp=0x40005d1fd0 sp=0x40005d1fd0 pc=0x920c4
created by github.com/tonylturner/containd/pkg/dp/engine.(*Engine).Start in goroutine 2652
	github.com/tonylturner/containd/pkg/dp/engine/engine.go:271 +0x594

goroutine 3702 gp=0x40002e8700 m=nil [select]:
runtime.gopark(0x40005d3790?, 0x2?, 0x2?, 0x0?, 0x40005d3774?)
	runtime/proc.go:460 +0xc0 fp=0x40005d35f0 sp=0x40005d35d0 pc=0x8a190
runtime.selectgo(0x40005d3790, 0x40005d3770, 0x40005d3788?, 0x0, 0x855b22429?, 0x1)
	runtime/select.go:351 +0x6bc fp=0x40005d3730 sp=0x40005d35f0 pc=0x69d9c
github.com/tonylturner/containd/pkg/dp/engine.(*Engine).Start.func2()
	github.com/tonylturner/containd/pkg/dp/engine/engine.go:275 +0xd0 fp=0x40005d37d0 sp=0x40005d3730 pc=0x6aae00
runtime.goexit({})
	runtime/asm_arm64.s:1268 +0x4 fp=0x40005d37d0 sp=0x40005d37d0 pc=0x920c4
created by github.com/tonylturner/containd/pkg/dp/engine.(*Engine).Start in goroutine 3656
	github.com/tonylturner/containd/pkg/dp/engine/engine.go:271 +0x594

goroutine 3139 gp=0x400038b880 m=nil [select]:
runtime.gopark(0x40004de790?, 0x2?, 0x38?, 0xe6?, 0x40004de774?)
	runtime/proc.go:460 +0xc0 fp=0x40004de5f0 sp=0x40004de5d0 pc=0x8a190
runtime.selectgo(0x40004de790, 0x40004de770, 0x40004de788?, 0x0, 0x83a26dc65?, 0x1)
	runtime/select.go:351 +0x6bc fp=0x40004de730 sp=0x40004de5f0 pc=0x69d9c
github.com/tonylturner/containd/pkg/dp/engine.(*Engine).Start.func2()
	github.com/tonylturner/containd/pkg/dp/engine/engine.go:275 +0xd0 fp=0x40004de7d0 sp=0x40004de730 pc=0x6aae00
runtime.goexit({})
	runtime/asm_arm64.s:1268 +0x4 fp=0x40004de7d0 sp=0x40004de7d0 pc=0x920c4
created by github.com/tonylturner/containd/pkg/dp/engine.(*Engine).Start in goroutine 3093
	github.com/tonylturner/containd/pkg/dp/engine/engine.go:271 +0x594

goroutine 2801 gp=0x40002e88c0 m=nil [select]:
runtime.gopark(0x400051ef90?, 0x2?, 0x38?, 0xee?, 0x400051ef74?)
	runtime/proc.go:460 +0xc0 fp=0x400051edf0 sp=0x400051edd0 pc=0x8a190
runtime.selectgo(0x400051ef90, 0x400051ef70, 0x400051ef88?, 0x0, 0x829de5d4d?, 0x1)
	runtime/select.go:351 +0x6bc fp=0x400051ef30 sp=0x400051edf0 pc=0x69d9c
github.com/tonylturner/containd/pkg/dp/engine.(*Engine).Start.func2()
	github.com/tonylturner/containd/pkg/dp/engine/engine.go:275 +0xd0 fp=0x400051efd0 sp=0x400051ef30 pc=0x6aae00
runtime.goexit({})
	runtime/asm_arm64.s:1268 +0x4 fp=0x400051efd0 sp=0x400051efd0 pc=0x920c4
created by github.com/tonylturner/containd/pkg/dp/engine.(*Engine).Start in goroutine 2787
	github.com/tonylturner/containd/pkg/dp/engine/engine.go:271 +0x594

goroutine 2769 gp=0x40002e8a80 m=nil [select]:
runtime.gopark(0x4000081f90?, 0x2?, 0x38?, 0x1e?, 0x4000081f74?)
	runtime/proc.go:460 +0xc0 fp=0x4000081df0 sp=0x4000081dd0 pc=0x8a190
runtime.selectgo(0x4000081f90, 0x4000081f70, 0x4000081f88?, 0x0, 0x82953e563?, 0x1)
	runtime/select.go:351 +0x6bc fp=0x4000081f30 sp=0x4000081df0 pc=0x69d9c
github.com/tonylturner/containd/pkg/dp/engine.(*Engine).Start.func2()
	github.com/tonylturner/containd/pkg/dp/engine/engine.go:275 +0xd0 fp=0x4000081fd0 sp=0x4000081f30 pc=0x6aae00
runtime.goexit({})
	runtime/asm_arm64.s:1268 +0x4 fp=0x4000081fd0 sp=0x4000081fd0 pc=0x920c4
created by github.com/tonylturner/containd/pkg/dp/engine.(*Engine).Start in goroutine 2755
	github.com/tonylturner/containd/pkg/dp/engine/engine.go:271 +0x594

goroutine 2830 gp=0x400038ba40 m=nil [select]:
runtime.gopark(0x400073ff90?, 0x2?, 0x38?, 0xfe?, 0x400073ff74?)
	runtime/proc.go:460 +0xc0 fp=0x400073fdf0 sp=0x400073fdd0 pc=0x8a190
runtime.selectgo(0x400073ff90, 0x400073ff70, 0x4000474fc0?, 0x0, 0x400044d5f0?, 0x1)
	runtime/select.go:351 +0x6bc fp=0x400073ff30 sp=0x400073fdf0 pc=0x69d9c
github.com/tonylturner/containd/pkg/dp/engine.(*Engine).Start.func2()
	github.com/tonylturner/containd/pkg/dp/engine/engine.go:275 +0xd0 fp=0x400073ffd0 sp=0x400073ff30 pc=0x6aae00
runtime.goexit({})
	runtime/asm_arm64.s:1268 +0x4 fp=0x400073ffd0 sp=0x400073ffd0 pc=0x920c4
created by github.com/tonylturner/containd/pkg/dp/engine.(*Engine).Start in goroutine 2936
	github.com/tonylturner/containd/pkg/dp/engine/engine.go:271 +0x594

goroutine 2996 gp=0x400038bc00 m=nil [select]:
runtime.gopark(0x4000741790?, 0x2?, 0x38?, 0x16?, 0x4000741774?)
	runtime/proc.go:460 +0xc0 fp=0x40007415f0 sp=0x40007415d0 pc=0x8a190
runtime.selectgo(0x4000741790, 0x4000741770, 0x4000741788?, 0x0, 0x834853fd2?, 0x1)
	runtime/select.go:351 +0x6bc fp=0x4000741730 sp=0x40007415f0 pc=0x69d9c
github.com/tonylturner/containd/pkg/dp/engine.(*Engine).Start.func2()
	github.com/tonylturner/containd/pkg/dp/engine/engine.go:275 +0xd0 fp=0x40007417d0 sp=0x4000741730 pc=0x6aae00
runtime.goexit({})
	runtime/asm_arm64.s:1268 +0x4 fp=0x40007417d0 sp=0x40007417d0 pc=0x920c4
created by github.com/tonylturner/containd/pkg/dp/engine.(*Engine).Start in goroutine 2966
	github.com/tonylturner/containd/pkg/dp/engine/engine.go:271 +0x594

goroutine 2818 gp=0x400038bdc0 m=nil [select]:
runtime.gopark(0x4000521790?, 0x2?, 0x2?, 0x0?, 0x4000521774?)
	runtime/proc.go:460 +0xc0 fp=0x40005215f0 sp=0x40005215d0 pc=0x8a190
runtime.selectgo(0x4000521790, 0x4000521770, 0x0?, 0x0, 0x2?, 0x1)
	runtime/select.go:351 +0x6bc fp=0x4000521730 sp=0x40005215f0 pc=0x69d9c
github.com/tonylturner/containd/pkg/dp/engine.(*Engine).Start.func2()
	github.com/tonylturner/containd/pkg/dp/engine/engine.go:275 +0xd0 fp=0x40005217d0 sp=0x4000521730 pc=0x6aae00
runtime.goexit({})
	runtime/asm_arm64.s:1268 +0x4 fp=0x40005217d0 sp=0x40005217d0 pc=0x920c4
created by github.com/tonylturner/containd/pkg/dp/engine.(*Engine).Start in goroutine 2774
	github.com/tonylturner/containd/pkg/dp/engine/engine.go:271 +0x594

goroutine 2814 gp=0x40002e8c40 m=nil [select]:
runtime.gopark(0x40005c9f90?, 0x2?, 0x38?, 0x56?, 0x40005c9f74?)
	runtime/proc.go:460 +0xc0 fp=0x40005c9df0 sp=0x40005c9dd0 pc=0x8a190
runtime.selectgo(0x40005c9f90, 0x40005c9f70, 0x4000321790?, 0x0, 0x40007957a8?, 0x1)
	runtime/select.go:351 +0x6bc fp=0x40005c9f30 sp=0x40005c9df0 pc=0x69d9c
github.com/tonylturner/containd/pkg/dp/engine.(*Engine).Start.func2()
	github.com/tonylturner/containd/pkg/dp/engine/engine.go:275 +0xd0 fp=0x40005c9fd0 sp=0x40005c9f30 pc=0x6aae00
runtime.goexit({})
	runtime/asm_arm64.s:1268 +0x4 fp=0x40005c9fd0 sp=0x40005c9fd0 pc=0x920c4
created by github.com/tonylturner/containd/pkg/dp/engine.(*Engine).Start in goroutine 2732
	github.com/tonylturner/containd/pkg/dp/engine/engine.go:271 +0x594

goroutine 3721 gp=0x40002e8e00 m=nil [select]:
runtime.gopark(0x40005fc790?, 0x2?, 0x38?, 0xc6?, 0x40005fc774?)
	runtime/proc.go:460 +0xc0 fp=0x40005fc5f0 sp=0x40005fc5d0 pc=0x8a190
runtime.selectgo(0x40005fc790, 0x40005fc770, 0x40005fc788?, 0x0, 0x856e99d4e?, 0x1)
	runtime/select.go:351 +0x6bc fp=0x40005fc730 sp=0x40005fc5f0 pc=0x69d9c
github.com/tonylturner/containd/pkg/dp/engine.(*Engine).Start.func2()
	github.com/tonylturner/containd/pkg/dp/engine/engine.go:275 +0xd0 fp=0x40005fc7d0 sp=0x40005fc730 pc=0x6aae00
runtime.goexit({})
	runtime/asm_arm64.s:1268 +0x4 fp=0x40005fc7d0 sp=0x40005fc7d0 pc=0x920c4
created by github.com/tonylturner/containd/pkg/dp/engine.(*Engine).Start in goroutine 3707
	github.com/tonylturner/containd/pkg/dp/engine/engine.go:271 +0x594

goroutine 2912 gp=0x40002e8fc0 m=nil [select]:
runtime.gopark(0x40005cf790?, 0x2?, 0x38?, 0xf6?, 0x40005cf774?)
	runtime/proc.go:460 +0xc0 fp=0x40005cf5f0 sp=0x40005cf5d0 pc=0x8a190
runtime.selectgo(0x40005cf790, 0x40005cf770, 0x40005cf788?, 0x0, 0x82e970963?, 0x1)
	runtime/select.go:351 +0x6bc fp=0x40005cf730 sp=0x40005cf5f0 pc=0x69d9c
github.com/tonylturner/containd/pkg/dp/engine.(*Engine).Start.func2()
	github.com/tonylturner/containd/pkg/dp/engine/engine.go:275 +0xd0 fp=0x40005cf7d0 sp=0x40005cf730 pc=0x6aae00
runtime.goexit({})
	runtime/asm_arm64.s:1268 +0x4 fp=0x40005cf7d0 sp=0x40005cf7d0 pc=0x920c4
created by github.com/tonylturner/containd/pkg/dp/engine.(*Engine).Start in goroutine 2898
	github.com/tonylturner/containd/pkg/dp/engine/engine.go:271 +0x594

goroutine 3206 gp=0x40002e9180 m=nil [select]:
runtime.gopark(0x400073a790?, 0x2?, 0x38?, 0xa6?, 0x400073a774?)
	runtime/proc.go:460 +0xc0 fp=0x400073a5f0 sp=0x400073a5d0 pc=0x8a190
runtime.selectgo(0x400073a790, 0x400073a770, 0x4000724450?, 0x0, 0x730000?, 0x1)
	runtime/select.go:351 +0x6bc fp=0x400073a730 sp=0x400073a5f0 pc=0x69d9c
github.com/tonylturner/containd/pkg/dp/engine.(*Engine).Start.func2()
	github.com/tonylturner/containd/pkg/dp/engine/engine.go:275 +0xd0 fp=0x400073a7d0 sp=0x400073a730 pc=0x6aae00
runtime.goexit({})
	runtime/asm_arm64.s:1268 +0x4 fp=0x400073a7d0 sp=0x400073a7d0 pc=0x920c4
created by github.com/tonylturner/containd/pkg/dp/engine.(*Engine).Start in goroutine 3178
	github.com/tonylturner/containd/pkg/dp/engine/engine.go:271 +0x594

goroutine 2925 gp=0x40002e9340 m=nil [select]:
runtime.gopark(0x40005cef90?, 0x2?, 0x38?, 0xee?, 0x40005cef74?)
	runtime/proc.go:460 +0xc0 fp=0x40005cedf0 sp=0x40005cedd0 pc=0x8a190
runtime.selectgo(0x40005cef90, 0x40005cef70, 0x4000590c50?, 0x0, 0x40005cefa8?, 0x1)
	runtime/select.go:351 +0x6bc fp=0x40005cef30 sp=0x40005cedf0 pc=0x69d9c
github.com/tonylturner/containd/pkg/dp/engine.(*Engine).Start.func2()
	github.com/tonylturner/containd/pkg/dp/engine/engine.go:275 +0xd0 fp=0x40005cefd0 sp=0x40005cef30 pc=0x6aae00
runtime.goexit({})
	runtime/asm_arm64.s:1268 +0x4 fp=0x40005cefd0 sp=0x40005cefd0 pc=0x920c4
created by github.com/tonylturner/containd/pkg/dp/engine.(*Engine).Start in goroutine 2886
	github.com/tonylturner/containd/pkg/dp/engine/engine.go:271 +0x594

goroutine 2929 gp=0x4000012000 m=nil [select]:
runtime.gopark(0x40004e4790?, 0x2?, 0x38?, 0x46?, 0x40004e4774?)
	runtime/proc.go:460 +0xc0 fp=0x40004e45f0 sp=0x40004e45d0 pc=0x8a190
runtime.selectgo(0x40004e4790, 0x40004e4770, 0x40005904d0?, 0x0, 0x4e0000?, 0x1)
	runtime/select.go:351 +0x6bc fp=0x40004e4730 sp=0x40004e45f0 pc=0x69d9c
github.com/tonylturner/containd/pkg/dp/engine.(*Engine).Start.func2()
	github.com/tonylturner/containd/pkg/dp/engine/engine.go:275 +0xd0 fp=0x40004e47d0 sp=0x40004e4730 pc=0x6aae00
runtime.goexit({})
	runtime/asm_arm64.s:1268 +0x4 fp=0x40004e47d0 sp=0x40004e47d0 pc=0x920c4
created by github.com/tonylturner/containd/pkg/dp/engine.(*Engine).Start in goroutine 2913
	github.com/tonylturner/containd/pkg/dp/engine/engine.go:271 +0x594

goroutine 3042 gp=0x40000121c0 m=nil [select]:
runtime.gopark(0x400051af90?, 0x2?, 0x38?, 0xae?, 0x400051af74?)
	runtime/proc.go:460 +0xc0 fp=0x400051adf0 sp=0x400051add0 pc=0x8a190
runtime.selectgo(0x400051af90, 0x400051af70, 0x400051af88?, 0x0, 0x83654daed?, 0x1)
	runtime/select.go:351 +0x6bc fp=0x400051af30 sp=0x400051adf0 pc=0x69d9c
github.com/tonylturner/containd/pkg/dp/engine.(*Engine).Start.func2()
	github.com/tonylturner/containd/pkg/dp/engine/engine.go:275 +0xd0 fp=0x400051afd0 sp=0x400051af30 pc=0x6aae00
runtime.goexit({})
	runtime/asm_arm64.s:1268 +0x4 fp=0x400051afd0 sp=0x400051afd0 pc=0x920c4
created by github.com/tonylturner/containd/pkg/dp/engine.(*Engine).Start in goroutine 3028
	github.com/tonylturner/containd/pkg/dp/engine/engine.go:271 +0x594

goroutine 3424 gp=0x4000012380 m=nil [select]:
runtime.gopark(0x40005daf90?, 0x2?, 0x38?, 0xae?, 0x40005daf74?)
	runtime/proc.go:460 +0xc0 fp=0x40005dadf0 sp=0x40005dadd0 pc=0x8a190
runtime.selectgo(0x40005daf90, 0x40005daf70, 0x0?, 0x0, 0x0?, 0x1)
	runtime/select.go:351 +0x6bc fp=0x40005daf30 sp=0x40005dadf0 pc=0x69d9c
github.com/tonylturner/containd/pkg/dp/engine.(*Engine).Start.func2()
	github.com/tonylturner/containd/pkg/dp/engine/engine.go:275 +0xd0 fp=0x40005dafd0 sp=0x40005daf30 pc=0x6aae00
runtime.goexit({})
	runtime/asm_arm64.s:1268 +0x4 fp=0x40005dafd0 sp=0x40005dafd0 pc=0x920c4
created by github.com/tonylturner/containd/pkg/dp/engine.(*Engine).Start in goroutine 3552
	github.com/tonylturner/containd/pkg/dp/engine/engine.go:271 +0x594

goroutine 3290 gp=0x4000012540 m=nil [select]:
runtime.gopark(0x400073df90?, 0x2?, 0x38?, 0xde?, 0x400073df74?)
	runtime/proc.go:460 +0xc0 fp=0x400073ddf0 sp=0x400073ddd0 pc=0x8a190
runtime.selectgo(0x400073df90, 0x400073df70, 0x400021a8d0?, 0x0, 0x730000?, 0x1)
	runtime/select.go:351 +0x6bc fp=0x400073df30 sp=0x400073ddf0 pc=0x69d9c
github.com/tonylturner/containd/pkg/dp/engine.(*Engine).Start.func2()
	github.com/tonylturner/containd/pkg/dp/engine/engine.go:275 +0xd0 fp=0x400073dfd0 sp=0x400073df30 pc=0x6aae00
runtime.goexit({})
	runtime/asm_arm64.s:1268 +0x4 fp=0x400073dfd0 sp=0x400073dfd0 pc=0x920c4
created by github.com/tonylturner/containd/pkg/dp/engine.(*Engine).Start in goroutine 3227
	github.com/tonylturner/containd/pkg/dp/engine/engine.go:271 +0x594

goroutine 2987 gp=0x4000012700 m=nil [select]:
runtime.gopark(0x4000740f90?, 0x2?, 0x38?, 0xe?, 0x4000740f74?)
	runtime/proc.go:460 +0xc0 fp=0x4000740df0 sp=0x4000740dd0 pc=0x8a190
runtime.selectgo(0x4000740f90, 0x4000740f70, 0x0?, 0x0, 0x0?, 0x1)
	runtime/select.go:351 +0x6bc fp=0x4000740f30 sp=0x4000740df0 pc=0x69d9c
github.com/tonylturner/containd/pkg/dp/engine.(*Engine).Start.func2()
	github.com/tonylturner/containd/pkg/dp/engine/engine.go:275 +0xd0 fp=0x4000740fd0 sp=0x4000740f30 pc=0x6aae00
runtime.goexit({})
	runtime/asm_arm64.s:1268 +0x4 fp=0x4000740fd0 sp=0x4000740fd0 pc=0x920c4
created by github.com/tonylturner/containd/pkg/dp/engine.(*Engine).Start in goroutine 2960
	github.com/tonylturner/containd/pkg/dp/engine/engine.go:271 +0x594

goroutine 3455 gp=0x40000128c0 m=nil [select]:
runtime.gopark(0x40005cd790?, 0x2?, 0x38?, 0xd6?, 0x40005cd774?)
	runtime/proc.go:460 +0xc0 fp=0x40005cd5f0 sp=0x40005cd5d0 pc=0x8a190
runtime.selectgo(0x40005cd790, 0x40005cd770, 0x40005cd788?, 0x0, 0x849b739a1?, 0x1)
	runtime/select.go:351 +0x6bc fp=0x40005cd730 sp=0x40005cd5f0 pc=0x69d9c
github.com/tonylturner/containd/pkg/dp/engine.(*Engine).Start.func2()
	github.com/tonylturner/containd/pkg/dp/engine/engine.go:275 +0xd0 fp=0x40005cd7d0 sp=0x40005cd730 pc=0x6aae00
runtime.goexit({})
	runtime/asm_arm64.s:1268 +0x4 fp=0x40005cd7d0 sp=0x40005cd7d0 pc=0x920c4
created by github.com/tonylturner/containd/pkg/dp/engine.(*Engine).Start in goroutine 3441
	github.com/tonylturner/containd/pkg/dp/engine/engine.go:271 +0x594

goroutine 3023 gp=0x40002e9500 m=nil [select]:
runtime.gopark(0x4000740790?, 0x2?, 0x38?, 0x6?, 0x4000740774?)
	runtime/proc.go:460 +0xc0 fp=0x40007405f0 sp=0x40007405d0 pc=0x8a190
runtime.selectgo(0x4000740790, 0x4000740770, 0x4000740788?, 0x0, 0x835172bc7?, 0x1)
	runtime/select.go:351 +0x6bc fp=0x4000740730 sp=0x40007405f0 pc=0x69d9c
github.com/tonylturner/containd/pkg/dp/engine.(*Engine).Start.func2()
	github.com/tonylturner/containd/pkg/dp/engine/engine.go:275 +0xd0 fp=0x40007407d0 sp=0x4000740730 pc=0x6aae00
runtime.goexit({})
	runtime/asm_arm64.s:1268 +0x4 fp=0x40007407d0 sp=0x40007407d0 pc=0x920c4
created by github.com/tonylturner/containd/pkg/dp/engine.(*Engine).Start in goroutine 3009
	github.com/tonylturner/containd/pkg/dp/engine/engine.go:271 +0x594

goroutine 3106 gp=0x40002e96c0 m=nil [select]:
runtime.gopark(0x40005dbf90?, 0x2?, 0x38?, 0xbe?, 0x40005dbf74?)
	runtime/proc.go:460 +0xc0 fp=0x40005dbdf0 sp=0x40005dbdd0 pc=0x8a190
runtime.selectgo(0x40005dbf90, 0x40005dbf70, 0x40005dbf88?, 0x0, 0x838d94454?, 0x1)
	runtime/select.go:351 +0x6bc fp=0x40005dbf30 sp=0x40005dbdf0 pc=0x69d9c
github.com/tonylturner/containd/pkg/dp/engine.(*Engine).Start.func2()
	github.com/tonylturner/containd/pkg/dp/engine/engine.go:275 +0xd0 fp=0x40005dbfd0 sp=0x40005dbf30 pc=0x6aae00
runtime.goexit({})
	runtime/asm_arm64.s:1268 +0x4 fp=0x40005dbfd0 sp=0x40005dbfd0 pc=0x920c4
created by github.com/tonylturner/containd/pkg/dp/engine.(*Engine).Start in goroutine 3076
	github.com/tonylturner/containd/pkg/dp/engine/engine.go:271 +0x594

goroutine 3581 gp=0x4000390000 m=nil [select]:
runtime.gopark(0x40005d4790?, 0x2?, 0x38?, 0x46?, 0x40005d4774?)
	runtime/proc.go:460 +0xc0 fp=0x40005d45f0 sp=0x40005d45d0 pc=0x8a190
runtime.selectgo(0x40005d4790, 0x40005d4770, 0x40005d4788?, 0x0, 0x8503610cd?, 0x1)
	runtime/select.go:351 +0x6bc fp=0x40005d4730 sp=0x40005d45f0 pc=0x69d9c
github.com/tonylturner/containd/pkg/dp/engine.(*Engine).Start.func2()
	github.com/tonylturner/containd/pkg/dp/engine/engine.go:275 +0xd0 fp=0x40005d47d0 sp=0x40005d4730 pc=0x6aae00
runtime.goexit({})
	runtime/asm_arm64.s:1268 +0x4 fp=0x40005d47d0 sp=0x40005d47d0 pc=0x920c4
created by github.com/tonylturner/containd/pkg/dp/engine.(*Engine).Start in goroutine 3567
	github.com/tonylturner/containd/pkg/dp/engine/engine.go:271 +0x594

goroutine 3054 gp=0x40003901c0 m=nil [select]:
runtime.gopark(0x40005db790?, 0x2?, 0x38?, 0xb6?, 0x40005db774?)
	runtime/proc.go:460 +0xc0 fp=0x40005db5f0 sp=0x40005db5d0 pc=0x8a190
runtime.selectgo(0x40005db790, 0x40005db770, 0x0?, 0x0, 0x0?, 0x1)
	runtime/select.go:351 +0x6bc fp=0x40005db730 sp=0x40005db5f0 pc=0x69d9c
github.com/tonylturner/containd/pkg/dp/engine.(*Engine).Start.func2()
	github.com/tonylturner/containd/pkg/dp/engine/engine.go:275 +0xd0 fp=0x40005db7d0 sp=0x40005db730 pc=0x6aae00
runtime.goexit({})
	runtime/asm_arm64.s:1268 +0x4 fp=0x40005db7d0 sp=0x40005db7d0 pc=0x920c4
created by github.com/tonylturner/containd/pkg/dp/engine.(*Engine).Start in goroutine 3003
	github.com/tonylturner/containd/pkg/dp/engine/engine.go:271 +0x594

goroutine 3194 gp=0x4000390380 m=nil [select]:
runtime.gopark(0x4000794790?, 0x2?, 0x2?, 0x0?, 0x4000794774?)
	runtime/proc.go:460 +0xc0 fp=0x40007945f0 sp=0x40007945d0 pc=0x8a190
runtime.selectgo(0x4000794790, 0x4000794770, 0x4000724890?, 0x0, 0x40007947a8?, 0x1)
	runtime/select.go:351 +0x6bc fp=0x4000794730 sp=0x40007945f0 pc=0x69d9c
github.com/tonylturner/containd/pkg/dp/engine.(*Engine).Start.func2()
	github.com/tonylturner/containd/pkg/dp/engine/engine.go:275 +0xd0 fp=0x40007947d0 sp=0x4000794730 pc=0x6aae00
runtime.goexit({})
	runtime/asm_arm64.s:1268 +0x4 fp=0x40007947d0 sp=0x40007947d0 pc=0x920c4
created by github.com/tonylturner/containd/pkg/dp/engine.(*Engine).Start in goroutine 3132
	github.com/tonylturner/containd/pkg/dp/engine/engine.go:271 +0x594

goroutine 3250 gp=0x4000390540 m=nil [select]:
runtime.gopark(0x40004e0790?, 0x2?, 0x38?, 0x6?, 0x40004e0774?)
	runtime/proc.go:460 +0xc0 fp=0x40004e05f0 sp=0x40004e05d0 pc=0x8a190
runtime.selectgo(0x40004e0790, 0x40004e0770, 0x40004e0788?, 0x0, 0x840177cfe?, 0x1)
	runtime/select.go:351 +0x6bc fp=0x40004e0730 sp=0x40004e05f0 pc=0x69d9c
github.com/tonylturner/containd/pkg/dp/engine.(*Engine).Start.func2()
	github.com/tonylturner/containd/pkg/dp/engine/engine.go:275 +0xd0 fp=0x40004e07d0 sp=0x40004e0730 pc=0x6aae00
runtime.goexit({})
	runtime/asm_arm64.s:1268 +0x4 fp=0x40004e07d0 sp=0x40004e07d0 pc=0x920c4
created by github.com/tonylturner/containd/pkg/dp/engine.(*Engine).Start in goroutine 3236
	github.com/tonylturner/containd/pkg/dp/engine/engine.go:271 +0x594

goroutine 3428 gp=0x40002e9880 m=nil [select]:
runtime.gopark(0x40005d2f90?, 0x2?, 0x38?, 0x2e?, 0x40005d2f74?)
	runtime/proc.go:460 +0xc0 fp=0x40005d2df0 sp=0x40005d2dd0 pc=0x8a190
runtime.selectgo(0x40005d2f90, 0x40005d2f70, 0x40005d2f88?, 0x0, 0x80aa86c7f?, 0x1)
	runtime/select.go:351 +0x6bc fp=0x40005d2f30 sp=0x40005d2df0 pc=0x69d9c
github.com/tonylturner/containd/pkg/dp/engine.(*Engine).Start.func2()
	github.com/tonylturner/containd/pkg/dp/engine/engine.go:275 +0xd0 fp=0x40005d2fd0 sp=0x40005d2f30 pc=0x6aae00
runtime.goexit({})
	runtime/asm_arm64.s:1268 +0x4 fp=0x40005d2fd0 sp=0x40005d2fd0 pc=0x920c4
created by github.com/tonylturner/containd/pkg/dp/engine.(*Engine).Start in goroutine 3375
	github.com/tonylturner/containd/pkg/dp/engine/engine.go:271 +0x594

goroutine 3319 gp=0x40002e9a40 m=nil [select]:
runtime.gopark(0x400073ef90?, 0x2?, 0x38?, 0xee?, 0x400073ef74?)
	runtime/proc.go:460 +0xc0 fp=0x400073edf0 sp=0x400073edd0 pc=0x8a190
runtime.selectgo(0x400073ef90, 0x400073ef70, 0x400073ef88?, 0x0, 0x8429400bf?, 0x1)
	runtime/select.go:351 +0x6bc fp=0x400073ef30 sp=0x400073edf0 pc=0x69d9c
github.com/tonylturner/containd/pkg/dp/engine.(*Engine).Start.func2()
	github.com/tonylturner/containd/pkg/dp/engine/engine.go:275 +0xd0 fp=0x400073efd0 sp=0x400073ef30 pc=0x6aae00
runtime.goexit({})
	runtime/asm_arm64.s:1268 +0x4 fp=0x400073efd0 sp=0x400073efd0 pc=0x920c4
created by github.com/tonylturner/containd/pkg/dp/engine.(*Engine).Start in goroutine 3257
	github.com/tonylturner/containd/pkg/dp/engine/engine.go:271 +0x594

goroutine 3215 gp=0x40002e9c00 m=nil [select]:
runtime.gopark(0x40004df790?, 0x2?, 0x2?, 0x0?, 0x40004df774?)
	runtime/proc.go:460 +0xc0 fp=0x40004df5f0 sp=0x40004df5d0 pc=0x8a190
runtime.selectgo(0x40004df790, 0x40004df770, 0x0?, 0x0, 0x2?, 0x1)
	runtime/select.go:351 +0x6bc fp=0x40004df730 sp=0x40004df5f0 pc=0x69d9c
github.com/tonylturner/containd/pkg/dp/engine.(*Engine).Start.func2()
	github.com/tonylturner/containd/pkg/dp/engine/engine.go:275 +0xd0 fp=0x40004df7d0 sp=0x40004df730 pc=0x6aae00
runtime.goexit({})
	runtime/asm_arm64.s:1268 +0x4 fp=0x40004df7d0 sp=0x40004df7d0 pc=0x920c4
created by github.com/tonylturner/containd/pkg/dp/engine.(*Engine).Start in goroutine 3217
	github.com/tonylturner/containd/pkg/dp/engine/engine.go:271 +0x594

goroutine 3598 gp=0x40002e9dc0 m=nil [select]:
runtime.gopark(0x40005ce790?, 0x2?, 0x38?, 0xe6?, 0x40005ce774?)
	runtime/proc.go:460 +0xc0 fp=0x40005ce5f0 sp=0x40005ce5d0 pc=0x8a190
runtime.selectgo(0x40005ce790, 0x40005ce770, 0x40005905d0?, 0x0, 0x5c0000?, 0x1)
	runtime/select.go:351 +0x6bc fp=0x40005ce730 sp=0x40005ce5f0 pc=0x69d9c
github.com/tonylturner/containd/pkg/dp/engine.(*Engine).Start.func2()
	github.com/tonylturner/containd/pkg/dp/engine/engine.go:275 +0xd0 fp=0x40005ce7d0 sp=0x40005ce730 pc=0x6aae00
runtime.goexit({})
	runtime/asm_arm64.s:1268 +0x4 fp=0x40005ce7d0 sp=0x40005ce7d0 pc=0x920c4
created by github.com/tonylturner/containd/pkg/dp/engine.(*Engine).Start in goroutine 3584
	github.com/tonylturner/containd/pkg/dp/engine/engine.go:271 +0x594

goroutine 3281 gp=0x4000012a80 m=nil [select]:
runtime.gopark(0x40004e1790?, 0x2?, 0x38?, 0x16?, 0x40004e1774?)
	runtime/proc.go:460 +0xc0 fp=0x40004e15f0 sp=0x40004e15d0 pc=0x8a190
runtime.selectgo(0x40004e1790, 0x40004e1770, 0x40004e1788?, 0x0, 0x840b0570a?, 0x1)
	runtime/select.go:351 +0x6bc fp=0x40004e1730 sp=0x40004e15f0 pc=0x69d9c
github.com/tonylturner/containd/pkg/dp/engine.(*Engine).Start.func2()
	github.com/tonylturner/containd/pkg/dp/engine/engine.go:275 +0xd0 fp=0x40004e17d0 sp=0x40004e1730 pc=0x6aae00
runtime.goexit({})
	runtime/asm_arm64.s:1268 +0x4 fp=0x40004e17d0 sp=0x40004e17d0 pc=0x920c4
created by github.com/tonylturner/containd/pkg/dp/engine.(*Engine).Start in goroutine 3267
	github.com/tonylturner/containd/pkg/dp/engine/engine.go:271 +0x594

goroutine 3359 gp=0x4000012c40 m=nil [select]:
runtime.gopark(0x400073b790?, 0x2?, 0x38?, 0xb6?, 0x400073b774?)
	runtime/proc.go:460 +0xc0 fp=0x400073b5f0 sp=0x400073b5d0 pc=0x8a190
runtime.selectgo(0x400073b790, 0x400073b770, 0x0?, 0x0, 0x0?, 0x1)
	runtime/select.go:351 +0x6bc fp=0x400073b730 sp=0x400073b5f0 pc=0x69d9c
github.com/tonylturner/containd/pkg/dp/engine.(*Engine).Start.func2()
	github.com/tonylturner/containd/pkg/dp/engine/engine.go:275 +0xd0 fp=0x400073b7d0 sp=0x400073b730 pc=0x6aae00
runtime.goexit({})
	runtime/asm_arm64.s:1268 +0x4 fp=0x400073b7d0 sp=0x400073b7d0 pc=0x920c4
created by github.com/tonylturner/containd/pkg/dp/engine.(*Engine).Start in goroutine 3063
	github.com/tonylturner/containd/pkg/dp/engine/engine.go:271 +0x594

goroutine 3683 gp=0x4000012e00 m=nil [select]:
runtime.gopark(0x4000795790?, 0x2?, 0x38?, 0x56?, 0x4000795774?)
	runtime/proc.go:460 +0xc0 fp=0x40007955f0 sp=0x40007955d0 pc=0x8a190
runtime.selectgo(0x4000795790, 0x4000795770, 0x4000795788?, 0x0, 0x8551884b0?, 0x1)
	runtime/select.go:351 +0x6bc fp=0x4000795730 sp=0x40007955f0 pc=0x69d9c
github.com/tonylturner/containd/pkg/dp/engine.(*Engine).Start.func2()
	github.com/tonylturner/containd/pkg/dp/engine/engine.go:275 +0xd0 fp=0x40007957d0 sp=0x4000795730 pc=0x6aae00
runtime.goexit({})
	runtime/asm_arm64.s:1268 +0x4 fp=0x40007957d0 sp=0x40007957d0 pc=0x920c4
created by github.com/tonylturner/containd/pkg/dp/engine.(*Engine).Start in goroutine 3621
	github.com/tonylturner/containd/pkg/dp/engine/engine.go:271 +0x594

goroutine 3349 gp=0x4000012fc0 m=nil [select]:
runtime.gopark(0x400073af90?, 0x2?, 0x38?, 0xae?, 0x400073af74?)
	runtime/proc.go:460 +0xc0 fp=0x400073adf0 sp=0x400073add0 pc=0x8a190
runtime.selectgo(0x400073af90, 0x400073af70, 0x400073af88?, 0x0, 0x844942e19?, 0x1)
	runtime/select.go:351 +0x6bc fp=0x400073af30 sp=0x400073adf0 pc=0x69d9c
github.com/tonylturner/containd/pkg/dp/engine.(*Engine).Start.func2()
	github.com/tonylturner/containd/pkg/dp/engine/engine.go:275 +0xd0 fp=0x400073afd0 sp=0x400073af30 pc=0x6aae00
runtime.goexit({})
	runtime/asm_arm64.s:1268 +0x4 fp=0x400073afd0 sp=0x400073afd0 pc=0x920c4
created by github.com/tonylturner/containd/pkg/dp/engine.(*Engine).Start in goroutine 3335
	github.com/tonylturner/containd/pkg/dp/engine/engine.go:271 +0x594

goroutine 3669 gp=0x4000013180 m=nil [select]:
runtime.gopark(0x40005fbf90?, 0x2?, 0x38?, 0xbe?, 0x40005fbf74?)
	runtime/proc.go:460 +0xc0 fp=0x40005fbdf0 sp=0x40005fbdd0 pc=0x8a190
runtime.selectgo(0x40005fbf90, 0x40005fbf70, 0x0?, 0x0, 0x2?, 0x1)
	runtime/select.go:351 +0x6bc fp=0x40005fbf30 sp=0x40005fbdf0 pc=0x69d9c
github.com/tonylturner/containd/pkg/dp/engine.(*Engine).Start.func2()
	github.com/tonylturner/containd/pkg/dp/engine/engine.go:275 +0xd0 fp=0x40005fbfd0 sp=0x40005fbf30 pc=0x6aae00
runtime.goexit({})
	runtime/asm_arm64.s:1268 +0x4 fp=0x40005fbfd0 sp=0x40005fbfd0 pc=0x920c4
created by github.com/tonylturner/containd/pkg/dp/engine.(*Engine).Start in goroutine 3607
	github.com/tonylturner/containd/pkg/dp/engine/engine.go:271 +0x594

goroutine 3398 gp=0x40003908c0 m=nil [select]:
runtime.gopark(0x40004def90?, 0x2?, 0x38?, 0xee?, 0x40004def74?)
	runtime/proc.go:460 +0xc0 fp=0x40004dedf0 sp=0x40004dedd0 pc=0x8a190
runtime.selectgo(0x40004def90, 0x40004def70, 0x40003204d0?, 0x0, 0x4d0000?, 0x1)
	runtime/select.go:351 +0x6bc fp=0x40004def30 sp=0x40004dedf0 pc=0x69d9c
github.com/tonylturner/containd/pkg/dp/engine.(*Engine).Start.func2()
	github.com/tonylturner/containd/pkg/dp/engine/engine.go:275 +0xd0 fp=0x40004defd0 sp=0x40004def30 pc=0x6aae00
runtime.goexit({})
	runtime/asm_arm64.s:1268 +0x4 fp=0x40004defd0 sp=0x40004defd0 pc=0x920c4
created by github.com/tonylturner/containd/pkg/dp/engine.(*Engine).Start in goroutine 3364
	github.com/tonylturner/containd/pkg/dp/engine/engine.go:271 +0x594

goroutine 3390 gp=0x4000013340 m=nil [select]:
runtime.gopark(0x400073bf90?, 0x2?, 0x38?, 0xbe?, 0x400073bf74?)
	runtime/proc.go:460 +0xc0 fp=0x400073bdf0 sp=0x400073bdd0 pc=0x8a190
runtime.selectgo(0x400073bf90, 0x400073bf70, 0x400073bf88?, 0x0, 0x84688886e?, 0x1)
	runtime/select.go:351 +0x6bc fp=0x400073bf30 sp=0x400073bdf0 pc=0x69d9c
github.com/tonylturner/containd/pkg/dp/engine.(*Engine).Start.func2()
	github.com/tonylturner/containd/pkg/dp/engine/engine.go:275 +0xd0 fp=0x400073bfd0 sp=0x400073bf30 pc=0x6aae00
runtime.goexit({})
	runtime/asm_arm64.s:1268 +0x4 fp=0x400073bfd0 sp=0x400073bfd0 pc=0x920c4
created by github.com/tonylturner/containd/pkg/dp/engine.(*Engine).Start in goroutine 3328
	github.com/tonylturner/containd/pkg/dp/engine/engine.go:271 +0x594

goroutine 3772 gp=0x4000390c40 m=nil [select]:
runtime.gopark(0x40005d5790?, 0x2?, 0x38?, 0x56?, 0x40005d5774?)
	runtime/proc.go:460 +0xc0 fp=0x40005d55f0 sp=0x40005d55d0 pc=0x8a190
runtime.selectgo(0x40005d5790, 0x40005d5770, 0x0?, 0x0, 0x2?, 0x1)
	runtime/select.go:351 +0x6bc fp=0x40005d5730 sp=0x40005d55f0 pc=0x69d9c
github.com/tonylturner/containd/pkg/dp/engine.(*Engine).Start.func2()
	github.com/tonylturner/containd/pkg/dp/engine/engine.go:275 +0xd0 fp=0x40005d57d0 sp=0x40005d5730 pc=0x6aae00
runtime.goexit({})
	runtime/asm_arm64.s:1268 +0x4 fp=0x40005d57d0 sp=0x40005d57d0 pc=0x920c4
created by github.com/tonylturner/containd/pkg/dp/engine.(*Engine).Start in goroutine 3726
	github.com/tonylturner/containd/pkg/dp/engine/engine.go:271 +0x594

goroutine 3492 gp=0x4000013500 m=nil [select]:
runtime.gopark(0x400073c790?, 0x2?, 0x38?, 0xc6?, 0x400073c774?)
	runtime/proc.go:460 +0xc0 fp=0x400073c5f0 sp=0x400073c5d0 pc=0x8a190
runtime.selectgo(0x400073c790, 0x400073c770, 0x400073c788?, 0x0, 0x84c39adba?, 0x1)
	runtime/select.go:351 +0x6bc fp=0x400073c730 sp=0x400073c5f0 pc=0x69d9c
github.com/tonylturner/containd/pkg/dp/engine.(*Engine).Start.func2()
	github.com/tonylturner/containd/pkg/dp/engine/engine.go:275 +0xd0 fp=0x400073c7d0 sp=0x400073c730 pc=0x6aae00
runtime.goexit({})
	runtime/asm_arm64.s:1268 +0x4 fp=0x400073c7d0 sp=0x400073c7d0 pc=0x920c4
created by github.com/tonylturner/containd/pkg/dp/engine.(*Engine).Start in goroutine 3478
	github.com/tonylturner/containd/pkg/dp/engine/engine.go:271 +0x594

goroutine 3471 gp=0x40000136c0 m=nil [select]:
runtime.gopark(0x40005d8790?, 0x2?, 0x38?, 0x86?, 0x40005d8774?)
	runtime/proc.go:460 +0xc0 fp=0x40005d85f0 sp=0x40005d85d0 pc=0x8a190
runtime.selectgo(0x40005d8790, 0x40005d8770, 0x40005d8788?, 0x0, 0x84a5c02b0?, 0x1)
	runtime/select.go:351 +0x6bc fp=0x40005d8730 sp=0x40005d85f0 pc=0x69d9c
github.com/tonylturner/containd/pkg/dp/engine.(*Engine).Start.func2()
	github.com/tonylturner/containd/pkg/dp/engine/engine.go:275 +0xd0 fp=0x40005d87d0 sp=0x40005d8730 pc=0x6aae00
runtime.goexit({})
	runtime/asm_arm64.s:1268 +0x4 fp=0x40005d87d0 sp=0x40005d87d0 pc=0x920c4
created by github.com/tonylturner/containd/pkg/dp/engine.(*Engine).Start in goroutine 3301
	github.com/tonylturner/containd/pkg/dp/engine/engine.go:271 +0x594

goroutine 3545 gp=0x4000013880 m=nil [select]:
runtime.gopark(0x40005d7f90?, 0x2?, 0x38?, 0x7e?, 0x40005d7f74?)
	runtime/proc.go:460 +0xc0 fp=0x40005d7df0 sp=0x40005d7dd0 pc=0x8a190
runtime.selectgo(0x40005d7f90, 0x40005d7f70, 0x40005d7f88?, 0x0, 0x84e860479?, 0x1)
	runtime/select.go:351 +0x6bc fp=0x40005d7f30 sp=0x40005d7df0 pc=0x69d9c
github.com/tonylturner/containd/pkg/dp/engine.(*Engine).Start.func2()
	github.com/tonylturner/containd/pkg/dp/engine/engine.go:275 +0xd0 fp=0x40005d7fd0 sp=0x40005d7f30 pc=0x6aae00
runtime.goexit({})
	runtime/asm_arm64.s:1268 +0x4 fp=0x40005d7fd0 sp=0x40005d7fd0 pc=0x920c4
created by github.com/tonylturner/containd/pkg/dp/engine.(*Engine).Start in goroutine 3499
	github.com/tonylturner/containd/pkg/dp/engine/engine.go:271 +0x594

goroutine 3649 gp=0x4000013a40 m=nil [select]:
runtime.gopark(0x40005d4f90?, 0x2?, 0x38?, 0x4e?, 0x40005d4f74?)
	runtime/proc.go:460 +0xc0 fp=0x40005d4df0 sp=0x40005d4dd0 pc=0x8a190
runtime.selectgo(0x40005d4f90, 0x40005d4f70, 0x40005d4f88?, 0x0, 0x8534ecaf4?, 0x1)
	runtime/select.go:351 +0x6bc fp=0x40005d4f30 sp=0x40005d4df0 pc=0x69d9c
github.com/tonylturner/containd/pkg/dp/engine.(*Engine).Start.func2()
	github.com/tonylturner/containd/pkg/dp/engine/engine.go:275 +0xd0 fp=0x40005d4fd0 sp=0x40005d4f30 pc=0x6aae00
runtime.goexit({})
	runtime/asm_arm64.s:1268 +0x4 fp=0x40005d4fd0 sp=0x40005d4fd0 pc=0x920c4
created by github.com/tonylturner/containd/pkg/dp/engine.(*Engine).Start in goroutine 3635
	github.com/tonylturner/containd/pkg/dp/engine/engine.go:271 +0x594

goroutine 3510 gp=0x4000013c00 m=nil [select]:
runtime.gopark(0x400073d790?, 0x2?, 0x38?, 0xd6?, 0x400073d774?)
	runtime/proc.go:460 +0xc0 fp=0x400073d5f0 sp=0x400073d5d0 pc=0x8a190
runtime.selectgo(0x400073d790, 0x400073d770, 0x400073d788?, 0x0, 0x84cbb3bbe?, 0x1)
	runtime/select.go:351 +0x6bc fp=0x400073d730 sp=0x400073d5f0 pc=0x69d9c
github.com/tonylturner/containd/pkg/dp/engine.(*Engine).Start.func2()
	github.com/tonylturner/containd/pkg/dp/engine/engine.go:275 +0xd0 fp=0x400073d7d0 sp=0x400073d730 pc=0x6aae00
runtime.goexit({})
	runtime/asm_arm64.s:1268 +0x4 fp=0x400073d7d0 sp=0x400073d7d0 pc=0x920c4
created by github.com/tonylturner/containd/pkg/dp/engine.(*Engine).Start in goroutine 3304
	github.com/tonylturner/containd/pkg/dp/engine/engine.go:271 +0x594

goroutine 4059 gp=0x4000013dc0 m=nil [sync.Mutex.Lock]:
runtime.gopark(0x0?, 0x351c4c?, 0xf8?, 0xb1?, 0x351c60?)
	runtime/proc.go:460 +0xc0 fp=0x40006ab1c0 sp=0x40006ab1a0 pc=0x8a190
runtime.goparkunlock(...)
	runtime/proc.go:466
runtime.semacquire1(0x400000e024, 0x0, 0x3, 0x2, 0x16)
	runtime/sema.go:192 +0x204 fp=0x40006ab210 sp=0x40006ab1c0 pc=0x6ab44
internal/sync.runtime_SemacquireMutex(0x40009aefa0?, 0x50?, 0x40006ab438?)
	runtime/sema.go:95 +0x28 fp=0x40006ab250 sp=0x40006ab210 pc=0x8ba68
internal/sync.(*Mutex).lockSlow(0x400000e020)
	internal/sync/mutex.go:149 +0x170 fp=0x40006ab2a0 sp=0x40006ab250 pc=0x9b390
internal/sync.(*Mutex).Lock(...)
	internal/sync/mutex.go:70
sync.(*Mutex).Lock(...)
	sync/mutex.go:46
github.com/tonylturner/containd/pkg/cp/config.(*SQLiteStore).Rollback(0x400000e018, {0xd84010, 0x4000722960})
	github.com/tonylturner/containd/pkg/cp/config/store.go:340 +0x8c fp=0x40006ab320 sp=0x40006ab2a0 pc=0x4fe11c
github.com/tonylturner/containd/api/http.NewServerWithEngineAndServices.rollbackConfigHandler.func56(0x4000afb100)
	github.com/tonylturner/containd/api/http/server.go:543 +0x70 fp=0x40006ab3f0 sp=0x40006ab320 pc=0x934a20
github.com/gin-gonic/gin.(*Context).Next(0x4000afb100)
	github.com/gin-gonic/gin@v1.9.1/context.go:174 +0x38 fp=0x40006ab410 sp=0x40006ab3f0 pc=0x84cd58
github.com/tonylturner/containd/api/http.NewServerWithEngineAndServices.requireAdmin.func55(0x4000afb100)
	github.com/tonylturner/containd/api/http/auth.go:313 +0x80 fp=0x40006ab440 sp=0x40006ab410 pc=0x945660
github.com/gin-gonic/gin.(*Context).Next(...)
	github.com/gin-gonic/gin@v1.9.1/context.go:174
github.com/tonylturner/containd/api/http.handleLabAuth(0x4000afb100, {0xd90f58, 0x4000692070}, {0x1, {0x400003a035, 0x8}, {0x0, 0x0}, {0x1567ba0, 0x0, ...}})
	github.com/tonylturner/containd/api/http/auth.go:90 +0x178 fp=0x40006ab480 sp=0x40006ab440 pc=0x90b848
github.com/tonylturner/containd/api/http.authMiddleware.func1(0x4000386e10?)
	github.com/tonylturner/containd/api/http/auth.go:57 +0x7c fp=0x40006ab4f0 sp=0x40006ab480 pc=0x90b6ac
github.com/gin-gonic/gin.(*Context).Next(...)
	github.com/gin-gonic/gin@v1.9.1/context.go:174
github.com/tonylturner/containd/api/http.enforceSameOriginOnCookieAuth.func1(0x4000afb100)
	github.com/tonylturner/containd/api/http/util.go:158 +0x57c fp=0x40006ab550 sp=0x40006ab4f0 pc=0x941b8c
github.com/gin-gonic/gin.(*Context).Next(0x4000afb100)
	github.com/gin-gonic/gin@v1.9.1/context.go:174 +0x38 fp=0x40006ab570 sp=0x40006ab550 pc=0x84cd58
github.com/tonylturner/containd/api/http.NewServerWithEngineAndServices.limitRequestBody.func3(0x4000afb100)
	github.com/tonylturner/containd/api/http/util.go:140 +0x1ec fp=0x40006ab5d0 sp=0x40006ab570 pc=0x9396fc
github.com/gin-gonic/gin.(*Context).Next(0x4000afb100)
	github.com/gin-gonic/gin@v1.9.1/context.go:174 +0x38 fp=0x40006ab5f0 sp=0x40006ab5d0 pc=0x84cd58
github.com/tonylturner/containd/api/http.NewServerWithEngineAndServices.withAuditStore.func2(0x4000afb100?)
	github.com/tonylturner/containd/api/http/server.go:708 +0xb8 fp=0x40006ab630 sp=0x40006ab5f0 pc=0x939838
github.com/gin-gonic/gin.(*Context).Next(...)
	github.com/gin-gonic/gin@v1.9.1/context.go:174
github.com/tonylturner/containd/api/http.NewServerWithEngineAndServices.func1(0x4000afb100)
	github.com/tonylturner/containd/api/http/server.go:171 +0xac fp=0x40006ab670 sp=0x40006ab630 pc=0x942e7c
github.com/gin-gonic/gin.(*Context).Next(...)
	github.com/gin-gonic/gin@v1.9.1/context.go:174
github.com/gin-gonic/gin.CustomRecoveryWithWriter.func1(0x4000afb100)
	github.com/gin-gonic/gin@v1.9.1/recovery.go:102 +0x68 fp=0x40006ab6c0 sp=0x40006ab670 pc=0x857c88
github.com/gin-gonic/gin.(*Context).Next(...)
	github.com/gin-gonic/gin@v1.9.1/context.go:174
github.com/gin-gonic/gin.LoggerWithConfig.func1(0x4000afb100)
	github.com/gin-gonic/gin@v1.9.1/logger.go:240 +0xa0 fp=0x40006ab890 sp=0x40006ab6c0 pc=0x857080
github.com/gin-gonic/gin.(*Context).Next(...)
	github.com/gin-gonic/gin@v1.9.1/context.go:174
github.com/gin-gonic/gin.(*Engine).handleHTTPRequest(0x40004164e0, 0x4000afb100)
	github.com/gin-gonic/gin@v1.9.1/gin.go:620 +0x4bc fp=0x40006ab9b0 sp=0x40006ab890 pc=0x8566fc
github.com/gin-gonic/gin.(*Engine).ServeHTTP(0x40004164e0, {0xd82a40, 0x40007a01e0}, 0x400062b040)
	github.com/gin-gonic/gin@v1.9.1/gin.go:576 +0x154 fp=0x40006ab9f0 sp=0x40006ab9b0 pc=0x8560d4
github.com/tonylturner/containd/pkg/app/mgmt.Run.mgmtAccessHandler.func2({0xd82a40, 0x40007a01e0}, 0x400062b040)
	github.com/tonylturner/containd/pkg/app/mgmt/http_support.go:180 +0x13c fp=0x40006aba70 sp=0x40006ab9f0 pc=0x984c5c
net/http.HandlerFunc.ServeHTTP(0x4000601808?, {0xd82a40?, 0x40007a01e0?}, 0x2aa8c?)
	net/http/server.go:2322 +0x38 fp=0x40006abaa0 sp=0x40006aba70 pc=0x2ec668
github.com/tonylturner/containd/pkg/app/mgmt.hstsHandler.func1({0xd82a40?, 0x40007a01e0?}, 0x400061e018?)
	github.com/tonylturner/containd/pkg/app/mgmt/tls_support.go:58 +0x12c fp=0x40006abb10 sp=0x40006abaa0 pc=0x98ac4c
net/http.HandlerFunc.ServeHTTP(0x0?, {0xd82a40?, 0x40007a01e0?}, 0x40005c6b50?)
	net/http/server.go:2322 +0x38 fp=0x40006abb40 sp=0x40006abb10 pc=0x2ec668
net/http.serverHandler.ServeHTTP({0x400056eb40?}, {0xd82a40?, 0x40007a01e0?}, 0x1?)
	net/http/server.go:3340 +0xb0 fp=0x40006abb70 sp=0x40006abb40 pc=0x309890
net/http.(*conn).serve(0x4000aff200, {0xd83fd8, 0x40008f0000})
	net/http/server.go:2109 +0x528 fp=0x40006abfa0 sp=0x40006abb70 pc=0x2eaa58
net/http.(*Server).Serve.gowrap3()
	net/http/server.go:3493 +0x2c fp=0x40006abfd0 sp=0x40006abfa0 pc=0x2efd9c
runtime.goexit({})
	runtime/asm_arm64.s:1268 +0x4 fp=0x40006abfd0 sp=0x40006abfd0 pc=0x920c4
created by net/http.(*Server).Serve in goroutine 32
	net/http/server.go:3493 +0x384

goroutine 3562 gp=0x4000391180 m=nil [select]:
runtime.gopark(0x400078f790?, 0x2?, 0x38?, 0xf6?, 0x400078f774?)
	runtime/proc.go:460 +0xc0 fp=0x400078f5f0 sp=0x400078f5d0 pc=0x8a190
runtime.selectgo(0x400078f790, 0x400078f770, 0x0?, 0x0, 0x2?, 0x1)
	runtime/select.go:351 +0x6bc fp=0x400078f730 sp=0x400078f5f0 pc=0x69d9c
github.com/tonylturner/containd/pkg/dp/engine.(*Engine).Start.func2()
	github.com/tonylturner/containd/pkg/dp/engine/engine.go:275 +0xd0 fp=0x400078f7d0 sp=0x400078f730 pc=0x6aae00
runtime.goexit({})
	runtime/asm_arm64.s:1268 +0x4 fp=0x400078f7d0 sp=0x400078f7d0 pc=0x920c4
created by github.com/tonylturner/containd/pkg/dp/engine.(*Engine).Start in goroutine 3532
	github.com/tonylturner/containd/pkg/dp/engine/engine.go:271 +0x594

goroutine 3784 gp=0x4000391500 m=nil [select]:
runtime.gopark(0x40005f9f90?, 0x2?, 0x38?, 0x9e?, 0x40005f9f74?)
	runtime/proc.go:460 +0xc0 fp=0x40005f9df0 sp=0x40005f9dd0 pc=0x8a190
runtime.selectgo(0x40005f9f90, 0x40005f9f70, 0x40005f9f88?, 0x0, 0x8597aa6a3?, 0x1)
	runtime/select.go:351 +0x6bc fp=0x40005f9f30 sp=0x40005f9df0 pc=0x69d9c
github.com/tonylturner/containd/pkg/dp/engine.(*Engine).Start.func2()
	github.com/tonylturner/containd/pkg/dp/engine/engine.go:275 +0xd0 fp=0x40005f9fd0 sp=0x40005f9f30 pc=0x6aae00
runtime.goexit({})
	runtime/asm_arm64.s:1268 +0x4 fp=0x40005f9fd0 sp=0x40005f9fd0 pc=0x920c4
created by github.com/tonylturner/containd/pkg/dp/engine.(*Engine).Start in goroutine 3690
	github.com/tonylturner/containd/pkg/dp/engine/engine.go:271 +0x594

goroutine 3747 gp=0x4000391880 m=nil [select]:
runtime.gopark(0x40005da790?, 0x2?, 0x38?, 0xa6?, 0x40005da774?)
	runtime/proc.go:460 +0xc0 fp=0x40005da5f0 sp=0x40005da5d0 pc=0x8a190
runtime.selectgo(0x40005da790, 0x40005da770, 0x0?, 0x0, 0x0?, 0x1)
	runtime/select.go:351 +0x6bc fp=0x40005da730 sp=0x40005da5f0 pc=0x69d9c
github.com/tonylturner/containd/pkg/dp/engine.(*Engine).Start.func2()
	github.com/tonylturner/containd/pkg/dp/engine/engine.go:275 +0xd0 fp=0x40005da7d0 sp=0x40005da730 pc=0x6aae00
runtime.goexit({})
	runtime/asm_arm64.s:1268 +0x4 fp=0x40005da7d0 sp=0x40005da7d0 pc=0x920c4
created by github.com/tonylturner/containd/pkg/dp/engine.(*Engine).Start in goroutine 3437
	github.com/tonylturner/containd/pkg/dp/engine/engine.go:271 +0x594

goroutine 4007 gp=0x4000391c00 m=nil [select, 2 minutes]:
runtime.gopark(0x40005fd770?, 0x2?, 0x38?, 0xd6?, 0x40005fd75c?)
	runtime/proc.go:460 +0xc0 fp=0x40005fd5e0 sp=0x40005fd5c0 pc=0x8a190
runtime.selectgo(0x40005fd770, 0x40005fd758, 0x40005fd778?, 0x0, 0x0?, 0x1)
	runtime/select.go:351 +0x6bc fp=0x40005fd720 sp=0x40005fd5e0 pc=0x69d9c
github.com/mdlayher/socket.rwT[...].func2()
	github.com/mdlayher/socket@v0.6.0/conn.go:776 +0x68 fp=0x40005fd7a0 sp=0x40005fd720 pc=0x6824d8
sync.(*WaitGroup).Go.func1()
	sync/waitgroup.go:239 +0x4c fp=0x40005fd7d0 sp=0x40005fd7a0 pc=0x9db7c
runtime.goexit({})
	runtime/asm_arm64.s:1268 +0x4 fp=0x40005fd7d0 sp=0x40005fd7d0 pc=0x920c4
created by sync.(*WaitGroup).Go in goroutine 4004
	sync/waitgroup.go:237 +0x70

goroutine 3931 gp=0x40005dc700 m=nil [select]:
runtime.gopark(0x4000790f90?, 0x2?, 0x38?, 0xe?, 0x4000790f74?)
	runtime/proc.go:460 +0xc0 fp=0x4000790df0 sp=0x4000790dd0 pc=0x8a190
runtime.selectgo(0x4000790f90, 0x4000790f70, 0x0?, 0x0, 0x40000d8ee0?, 0x1)
	runtime/select.go:351 +0x6bc fp=0x4000790f30 sp=0x4000790df0 pc=0x69d9c
github.com/tonylturner/containd/pkg/dp/engine.(*Engine).Start.func2()
	github.com/tonylturner/containd/pkg/dp/engine/engine.go:275 +0xd0 fp=0x4000790fd0 sp=0x4000790f30 pc=0x6aae00
runtime.goexit({})
	runtime/asm_arm64.s:1268 +0x4 fp=0x4000790fd0 sp=0x4000790fd0 pc=0x920c4
created by github.com/tonylturner/containd/pkg/dp/engine.(*Engine).Start in goroutine 3738
	github.com/tonylturner/containd/pkg/dp/engine/engine.go:271 +0x594

goroutine 3934 gp=0x4000920540 m=nil [IO wait]:
runtime.gopark(0x4000501008?, 0x100e0?, 0x38?, 0xb?, 0x18be8?)
	runtime/proc.go:460 +0xc0 fp=0x40005f0ac0 sp=0x40005f0aa0 pc=0x8a190
runtime.netpollblock(0x0?, 0xffffffff?, 0xff?)
	runtime/netpoll.go:575 +0x150 fp=0x40005f0b00 sp=0x40005f0ac0 pc=0x4f320
internal/poll.runtime_pollWait(0xffff5a874000, 0x72)
	runtime/netpoll.go:351 +0xa0 fp=0x40005f0b30 sp=0x40005f0b00 pc=0x89380
internal/poll.(*pollDesc).wait(0x400061a100?, 0x40003ff000?, 0x0)
	internal/poll/fd_poll_runtime.go:84 +0x28 fp=0x40005f0b60 sp=0x40005f0b30 pc=0x10e9a8
internal/poll.(*pollDesc).waitRead(...)
	internal/poll/fd_poll_runtime.go:89
internal/poll.(*FD).Read(0x400061a100, {0x40003ff000, 0x1000, 0x1000})
	internal/poll/fd_unix.go:165 +0x1e0 fp=0x40005f0c00 sp=0x40005f0b60 pc=0x10fbc0
net.(*netFD).Read(0x400061a100, {0x40003ff000?, 0x80?, 0x8?})
	net/fd_posix.go:68 +0x28 fp=0x40005f0c50 sp=0x40005f0c00 pc=0x1c8d28
net.(*conn).Read(0x400037e180, {0x40003ff000?, 0x0?, 0x40005f0d28?})
	net/net.go:196 +0x34 fp=0x40005f0ca0 sp=0x40005f0c50 pc=0x1d72f4
net/http.(*persistConn).Read(0x400040ed80, {0x40003ff000?, 0xd7bac8?, 0x15136b0?})
	net/http/transport.go:2125 +0x48 fp=0x40005f0d00 sp=0x40005f0ca0 pc=0x303308
bufio.(*Reader).fill(0x40000a39e0)
	bufio/bufio.go:113 +0xe0 fp=0x40005f0d40 sp=0x40005f0d00 pc=0x2709c0
bufio.(*Reader).Peek(0x40000a39e0, 0x1)
	bufio/bufio.go:152 +0x58 fp=0x40005f0d60 sp=0x40005f0d40 pc=0x270b08
net/http.(*persistConn).readLoop(0x400040ed80)
	net/http/transport.go:2278 +0x110 fp=0x40005f0fb0 sp=0x40005f0d60 pc=0x303f30
net/http.(*Transport).dialConn.gowrap2()
	net/http/transport.go:1947 +0x28 fp=0x40005f0fd0 sp=0x40005f0fb0 pc=0x302978
runtime.goexit({})
	runtime/asm_arm64.s:1268 +0x4 fp=0x40005f0fd0 sp=0x40005f0fd0 pc=0x920c4
created by net/http.(*Transport).dialConn in goroutine 2304
	net/http/transport.go:1947 +0x111c

goroutine 4006 gp=0x4000920700 m=nil [chan receive, 2 minutes]:
runtime.gopark(0x40005f9708?, 0xd2730?, 0x0?, 0xcf?, 0x4000b04900?)
	runtime/proc.go:460 +0xc0 fp=0x40005f96e0 sp=0x40005f96c0 pc=0x8a190
runtime.chanrecv(0x40000d9500, 0x0, 0x1)
	runtime/chan.go:667 +0x428 fp=0x40005f9760 sp=0x40005f96e0 pc=0x22f28
runtime.chanrecv1(0x4000628870?, 0x920c4?)
	runtime/chan.go:509 +0x14 fp=0x40005f9790 sp=0x40005f9760 pc=0x22ac4
github.com/florianl/go-nflog/v2.(*Nflog).RegisterWithErrorFunc.func1.2()
	github.com/florianl/go-nflog/v2@v2.3.0/nflog.go:229 +0x34 fp=0x40005f97d0 sp=0x40005f9790 pc=0x68f524
runtime.goexit({})
	runtime/asm_arm64.s:1268 +0x4 fp=0x40005f97d0 sp=0x40005f97d0 pc=0x920c4
created by github.com/florianl/go-nflog/v2.(*Nflog).RegisterWithErrorFunc.func1 in goroutine 4004
	github.com/florianl/go-nflog/v2@v2.3.0/nflog.go:227 +0xd0

goroutine 4012 gp=0x4000921340 m=nil [sync.Mutex.Lock]:
runtime.gopark(0x40007a4e08?, 0x4000afe898?, 0x0?, 0xc?, 0x4000afe870?)
	runtime/proc.go:460 +0xc0 fp=0x40007f7280 sp=0x40007f7260 pc=0x8a190
runtime.goparkunlock(...)
	runtime/proc.go:466
runtime.semacquire1(0x400000e024, 0x0, 0x3, 0x2, 0x16)
	runtime/sema.go:192 +0x204 fp=0x40007f72d0 sp=0x40007f7280 pc=0x6ab44
internal/sync.runtime_SemacquireMutex(0x0?, 0x80?, 0xa5cb60?)
	runtime/sema.go:95 +0x28 fp=0x40007f7310 sp=0x40007f72d0 pc=0x8ba68
internal/sync.(*Mutex).lockSlow(0x400000e020)
	internal/sync/mutex.go:149 +0x170 fp=0x40007f7360 sp=0x40007f7310 pc=0x9b390
internal/sync.(*Mutex).Lock(...)
	internal/sync/mutex.go:70
sync.(*Mutex).Lock(...)
	sync/mutex.go:46
github.com/tonylturner/containd/pkg/cp/config.(*SQLiteStore).LoadCandidate(0x400000e018, {0xd84010, 0x4000722050})
	github.com/tonylturner/containd/pkg/cp/config/store.go:245 +0xf4 fp=0x40007f73f0 sp=0x40007f7360 pc=0x4fd224
github.com/tonylturner/containd/api/http.NewServerWithEngineAndServices.getCandidateConfigHandler.func39(0x400091e000)
	github.com/tonylturner/containd/api/http/server.go:447 +0x54 fp=0x40007f7440 sp=0x40007f73f0 pc=0x935c34
github.com/gin-gonic/gin.(*Context).Next(...)
	github.com/gin-gonic/gin@v1.9.1/context.go:174
github.com/tonylturner/containd/api/http.handleLabAuth(0x400091e000, {0xd90f58, 0x4000692070}, {0x1, {0x400003a035, 0x8}, {0x0, 0x0}, {0x1567ba0, 0x0, ...}})
	github.com/tonylturner/containd/api/http/auth.go:90 +0x178 fp=0x40007f7480 sp=0x40007f7440 pc=0x90b848
github.com/tonylturner/containd/api/http.authMiddleware.func1(0x40007f7528?)
	github.com/tonylturner/containd/api/http/auth.go:57 +0x7c fp=0x40007f74f0 sp=0x40007f7480 pc=0x90b6ac
github.com/gin-gonic/gin.(*Context).Next(...)
	github.com/gin-gonic/gin@v1.9.1/context.go:174
github.com/tonylturner/containd/api/http.enforceSameOriginOnCookieAuth.func1(0x400091e000)
	github.com/tonylturner/containd/api/http/util.go:153 +0x42c fp=0x40007f7550 sp=0x40007f74f0 pc=0x941a3c
github.com/gin-gonic/gin.(*Context).Next(0x400091e000)
	github.com/gin-gonic/gin@v1.9.1/context.go:174 +0x38 fp=0x40007f7570 sp=0x40007f7550 pc=0x84cd58
github.com/tonylturner/containd/api/http.NewServerWithEngineAndServices.limitRequestBody.func3(0x400091e098?)
	github.com/tonylturner/containd/api/http/util.go:122 +0xbc fp=0x40007f75d0 sp=0x40007f7570 pc=0x9395cc
github.com/gin-gonic/gin.(*Context).Next(0x400091e000)
	github.com/gin-gonic/gin@v1.9.1/context.go:174 +0x38 fp=0x40007f75f0 sp=0x40007f75d0 pc=0x84cd58
github.com/tonylturner/containd/api/http.NewServerWithEngineAndServices.withAuditStore.func2(0x400091e000?)
	github.com/tonylturner/containd/api/http/server.go:708 +0xb8 fp=0x40007f7630 sp=0x40007f75f0 pc=0x939838
github.com/gin-gonic/gin.(*Context).Next(...)
	github.com/gin-gonic/gin@v1.9.1/context.go:174
github.com/tonylturner/containd/api/http.NewServerWithEngineAndServices.func1(0x400091e000)
	github.com/tonylturner/containd/api/http/server.go:171 +0xac fp=0x40007f7670 sp=0x40007f7630 pc=0x942e7c
github.com/gin-gonic/gin.(*Context).Next(...)
	github.com/gin-gonic/gin@v1.9.1/context.go:174
github.com/gin-gonic/gin.CustomRecoveryWithWriter.func1(0x400091e000)
	github.com/gin-gonic/gin@v1.9.1/recovery.go:102 +0x68 fp=0x40007f76c0 sp=0x40007f7670 pc=0x857c88
github.com/gin-gonic/gin.(*Context).Next(...)
	github.com/gin-gonic/gin@v1.9.1/context.go:174
github.com/gin-gonic/gin.LoggerWithConfig.func1(0x400091e000)
	github.com/gin-gonic/gin@v1.9.1/logger.go:240 +0xa0 fp=0x40007f7890 sp=0x40007f76c0 pc=0x857080
github.com/gin-gonic/gin.(*Context).Next(...)
	github.com/gin-gonic/gin@v1.9.1/context.go:174
github.com/gin-gonic/gin.(*Engine).handleHTTPRequest(0x40004164e0, 0x400091e000)
	github.com/gin-gonic/gin@v1.9.1/gin.go:620 +0x4bc fp=0x40007f79b0 sp=0x40007f7890 pc=0x8566fc
github.com/gin-gonic/gin.(*Engine).ServeHTTP(0x40004164e0, {0xd82a40, 0x40007a0000}, 0x400062a000)
	github.com/gin-gonic/gin@v1.9.1/gin.go:576 +0x154 fp=0x40007f79f0 sp=0x40007f79b0 pc=0x8560d4
github.com/tonylturner/containd/pkg/app/mgmt.Run.mgmtAccessHandler.func2({0xd82a40, 0x40007a0000}, 0x400062a000)
	github.com/tonylturner/containd/pkg/app/mgmt/http_support.go:180 +0x13c fp=0x40007f7a70 sp=0x40007f79f0 pc=0x984c5c
net/http.HandlerFunc.ServeHTTP(0x4000681808?, {0xd82a40?, 0x40007a0000?}, 0x2aa8c?)
	net/http/server.go:2322 +0x38 fp=0x40007f7aa0 sp=0x40007f7a70 pc=0x2ec668
github.com/tonylturner/containd/pkg/app/mgmt.hstsHandler.func1({0xd82a40?, 0x40007a0000?}, 0x40006920f0?)
	github.com/tonylturner/containd/pkg/app/mgmt/tls_support.go:58 +0x12c fp=0x40007f7b10 sp=0x40007f7aa0 pc=0x98ac4c
net/http.HandlerFunc.ServeHTTP(0x0?, {0xd82a40?, 0x40007a0000?}, 0x40005c6b50?)
	net/http/server.go:2322 +0x38 fp=0x40007f7b40 sp=0x40007f7b10 pc=0x2ec668
net/http.serverHandler.ServeHTTP({0x400056e000?}, {0xd82a40?, 0x40007a0000?}, 0x1?)
	net/http/server.go:3340 +0xb0 fp=0x40007f7b70 sp=0x40007f7b40 pc=0x309890
net/http.(*conn).serve(0x40000c8360, {0xd83fd8, 0x40004eca80})
	net/http/server.go:2109 +0x528 fp=0x40007f7fa0 sp=0x40007f7b70 pc=0x2eaa58
net/http.(*Server).Serve.gowrap3()
	net/http/server.go:3493 +0x2c fp=0x40007f7fd0 sp=0x40007f7fa0 pc=0x2efd9c
runtime.goexit({})
	runtime/asm_arm64.s:1268 +0x4 fp=0x40007f7fd0 sp=0x40007f7fd0 pc=0x920c4
created by net/http.(*Server).Serve in goroutine 32
	net/http/server.go:3493 +0x384

goroutine 3841 gp=0x40009216c0 m=nil [select]:
runtime.gopark(0x40005f7f90?, 0x2?, 0x38?, 0x7e?, 0x40005f7f74?)
	runtime/proc.go:460 +0xc0 fp=0x40005f7df0 sp=0x40005f7dd0 pc=0x8a190
runtime.selectgo(0x40005f7f90, 0x40005f7f70, 0x400097ea90?, 0x0, 0x40005f7fa8?, 0x1)
	runtime/select.go:351 +0x6bc fp=0x40005f7f30 sp=0x40005f7df0 pc=0x69d9c
github.com/tonylturner/containd/pkg/dp/engine.(*Engine).Start.func2()
	github.com/tonylturner/containd/pkg/dp/engine/engine.go:275 +0xd0 fp=0x40005f7fd0 sp=0x40005f7f30 pc=0x6aae00
runtime.goexit({})
	runtime/asm_arm64.s:1268 +0x4 fp=0x40005f7fd0 sp=0x40005f7fd0 pc=0x920c4
created by github.com/tonylturner/containd/pkg/dp/engine.(*Engine).Start in goroutine 3840
	github.com/tonylturner/containd/pkg/dp/engine/engine.go:271 +0x594

goroutine 4005 gp=0x40003a4c40 m=nil [select]:
runtime.gopark(0x40005d8f90?, 0x2?, 0x38?, 0x8e?, 0x40005d8f74?)
	runtime/proc.go:460 +0xc0 fp=0x40005d8df0 sp=0x40005d8dd0 pc=0x8a190
runtime.selectgo(0x40005d8f90, 0x40005d8f70, 0x40005d8f88?, 0x0, 0x21ef77b65d?, 0x1)
	runtime/select.go:351 +0x6bc fp=0x40005d8f30 sp=0x40005d8df0 pc=0x69d9c
github.com/tonylturner/containd/pkg/dp/engine.(*Engine).Start.func2()
	github.com/tonylturner/containd/pkg/dp/engine/engine.go:275 +0xd0 fp=0x40005d8fd0 sp=0x40005d8f30 pc=0x6aae00
runtime.goexit({})
	runtime/asm_arm64.s:1268 +0x4 fp=0x40005d8fd0 sp=0x40005d8fd0 pc=0x920c4
created by github.com/tonylturner/containd/pkg/dp/engine.(*Engine).Start in goroutine 3975
	github.com/tonylturner/containd/pkg/dp/engine/engine.go:271 +0x594

goroutine 3740 gp=0x40003a4fc0 m=12 mp=0x4000680808 [syscall]:
syscall.Syscall6(0x49, 0x40005c5e30, 0x1, 0x40005c5d58, 0x0, 0x0, 0x0)
	syscall/syscall_linux.go:96 +0x2c fp=0x40005c5c20 sp=0x40005c5bc0 pc=0xbbc7c
syscall.Syscall6(0x49, 0x40005c5e30, 0x1, 0x40005c5d58, 0x0, 0x0, 0x0)
	<autogenerated>:1 +0x2c fp=0x40005c5c70 sp=0x40005c5c20 pc=0xbcb7c
golang.org/x/sys/unix.ppoll(0x4?, 0x40003e2e20?, 0x10?, 0x10?)
	golang.org/x/sys@v0.42.0/unix/zsyscall_linux.go:138 +0x44 fp=0x40005c5cf0 sp=0x40005c5c70 pc=0x358e74
golang.org/x/sys/unix.Ppoll({0x40005c5e30?, 0x646a05c0b?, 0xbc78e3?}, 0x3?, 0x0?)
	golang.org/x/sys@v0.42.0/unix/syscall_linux.go:158 +0x4c fp=0x40005c5d20 sp=0x40005c5cf0 pc=0x355d6c
golang.org/x/sys/unix.Poll({0x40005c5e30?, 0xee248c5e3?, 0x0?}, 0x4000b0223c?)
	golang.org/x/sys@v0.42.0/unix/syscall_linux.go:167 +0x8c fp=0x40005c5d70 sp=0x40005c5d20 pc=0x355e2c
github.com/tonylturner/containd/pkg/dp/capture.(*worker).run(0x40002fa3f0, {0xd83fa0, 0x1567ba0})
	github.com/tonylturner/containd/pkg/dp/capture/afpacket_linux.go:56 +0x290 fp=0x40005c5f80 sp=0x40005c5d70 pc=0x692bb0
github.com/tonylturner/containd/pkg/dp/capture.(*Manager).startAFPacket.func1()
	github.com/tonylturner/containd/pkg/dp/capture/capture.go:111 +0x50 fp=0x40005c5fd0 sp=0x40005c5f80 pc=0x6941c0
runtime.goexit({})
	runtime/asm_arm64.s:1268 +0x4 fp=0x40005c5fd0 sp=0x40005c5fd0 pc=0x920c4
created by github.com/tonylturner/containd/pkg/dp/capture.(*Manager).startAFPacket in goroutine 3738
	github.com/tonylturner/containd/pkg/dp/capture/capture.go:109 +0x60

goroutine 3741 gp=0x40003a5180 m=nil [sync.WaitGroup.Wait, 3 minutes]:
runtime.gopark(0x154c380?, 0x0?, 0xa0?, 0x2b?, 0x1?)
	runtime/proc.go:460 +0xc0 fp=0x40009386f0 sp=0x40009386d0 pc=0x8a190
runtime.goparkunlock(...)
	runtime/proc.go:466
runtime.semacquire1(0x4000b023c8, 0x0, 0x1, 0x0, 0x19)
	runtime/sema.go:192 +0x204 fp=0x4000938740 sp=0x40009386f0 pc=0x6ab44
sync.runtime_SemacquireWaitGroup(0x4000730140?, 0x10?)
	runtime/sema.go:114 +0x38 fp=0x4000938780 sp=0x4000938740 pc=0x8bb98
sync.(*WaitGroup).Wait(0x4000b023c0)
	sync/waitgroup.go:206 +0xa8 fp=0x40009387b0 sp=0x4000938780 pc=0x9d9d8
github.com/tonylturner/containd/pkg/dp/capture.(*Manager).startAFPacket.func2()
	github.com/tonylturner/containd/pkg/dp/capture/capture.go:119 +0x20 fp=0x40009387d0 sp=0x40009387b0 pc=0x694150
runtime.goexit({})
	runtime/asm_arm64.s:1268 +0x4 fp=0x40009387d0 sp=0x40009387d0 pc=0x920c4
created by github.com/tonylturner/containd/pkg/dp/capture.(*Manager).startAFPacket in goroutine 3738
	github.com/tonylturner/containd/pkg/dp/capture/capture.go:118 +0x1d0

goroutine 3739 gp=0x40003a5500 m=7 mp=0x4000600008 [syscall]:
syscall.Syscall6(0x49, 0x40000f1e30, 0x1, 0x40000f1d58, 0x0, 0x0, 0x0)
	syscall/syscall_linux.go:96 +0x2c fp=0x40000f1c20 sp=0x40000f1bc0 pc=0xbbc7c
syscall.Syscall6(0x49, 0x40000f1e30, 0x1, 0x40000f1d58, 0x0, 0x0, 0x0)
	<autogenerated>:1 +0x2c fp=0x40000f1c70 sp=0x40000f1c20 pc=0xbcb7c
golang.org/x/sys/unix.ppoll(0x4000600808?, 0x400099a000?, 0x40000f1d38?, 0x8ca30?)
	golang.org/x/sys@v0.42.0/unix/zsyscall_linux.go:138 +0x44 fp=0x40000f1cf0 sp=0x40000f1c70 pc=0x358e74
golang.org/x/sys/unix.Ppoll({0x40000f1e30?, 0x692d8c?, 0x40000f1d68?}, 0x692afc?, 0x800?)
	golang.org/x/sys@v0.42.0/unix/syscall_linux.go:158 +0x4c fp=0x40000f1d20 sp=0x40000f1cf0 pc=0x355d6c
golang.org/x/sys/unix.Poll({0x40000f1e30?, 0x1?, 0x1?}, 0xfa?)
	golang.org/x/sys@v0.42.0/unix/syscall_linux.go:167 +0x8c fp=0x40000f1d70 sp=0x40000f1d20 pc=0x355e2c
github.com/tonylturner/containd/pkg/dp/capture.(*worker).run(0x40002fa380, {0xd83fa0, 0x1567ba0})
	github.com/tonylturner/containd/pkg/dp/capture/afpacket_linux.go:56 +0x290 fp=0x40000f1f80 sp=0x40000f1d70 pc=0x692bb0
github.com/tonylturner/containd/pkg/dp/capture.(*Manager).startAFPacket.func1()
	github.com/tonylturner/containd/pkg/dp/capture/capture.go:111 +0x50 fp=0x40000f1fd0 sp=0x40000f1f80 pc=0x6941c0
runtime.goexit({})
	runtime/asm_arm64.s:1268 +0x4 fp=0x40000f1fd0 sp=0x40000f1fd0 pc=0x920c4
created by github.com/tonylturner/containd/pkg/dp/capture.(*Manager).startAFPacket in goroutine 3738
	github.com/tonylturner/containd/pkg/dp/capture/capture.go:109 +0x60

goroutine 4004 gp=0x4000afc1c0 m=nil [IO wait, 2 minutes]:
runtime.gopark(0x0?, 0x0?, 0x0?, 0x0?, 0x0?)
	runtime/proc.go:460 +0xc0 fp=0x40005f2570 sp=0x40005f2550 pc=0x8a190
runtime.netpollblock(0xd7a6a0?, 0xd7c780?, 0x0?)
	runtime/netpoll.go:575 +0x150 fp=0x40005f25b0 sp=0x40005f2570 pc=0x4f320
internal/poll.runtime_pollWait(0xffffa1454600, 0x72)
	runtime/netpoll.go:351 +0xa0 fp=0x40005f25e0 sp=0x40005f25b0 pc=0x89380
internal/poll.(*pollDesc).wait(0x400092ee40?, 0x40001434d0?, 0x1)
	internal/poll/fd_poll_runtime.go:84 +0x28 fp=0x40005f2610 sp=0x40005f25e0 pc=0x10e9a8
internal/poll.(*pollDesc).waitRead(...)
	internal/poll/fd_poll_runtime.go:89
internal/poll.(*FD).RawRead(0x400092ee40, 0x4000628dc0)
	internal/poll/fd_unix.go:710 +0x118 fp=0x40005f2670 sp=0x40005f2610 pc=0x113b78
os.(*rawConn).Read(0x4000692198, 0x1c?)
	os/rawconn.go:31 +0x60 fp=0x40005f26a0 sp=0x40005f2670 pc=0x11f0b0
syscall.RawConn.Read-fm(0x40000fc630?)
	<autogenerated>:1 +0x34 fp=0x40005f26c0 sp=0x40005f26a0 pc=0x683894
github.com/mdlayher/socket.rwT[...](0x40005901c0, {{0xd83fa0, 0x1567ba0}, 0x0, {0xbd2487, 0x7}, 0x4000590600})
	github.com/mdlayher/socket@v0.6.0/conn.go:793 +0x438 fp=0x40005f28d0 sp=0x40005f26c0 pc=0x681f68
github.com/mdlayher/socket.readT[...]({0xd83fa0?, 0x1567ba0?}, 0x40000fc3a0?, {0xbd2487?, 0x68e8d4?}, 0x40000fc398?)
	github.com/mdlayher/socket@v0.6.0/conn.go:666 +0x78 fp=0x40005f2980 sp=0x40005f28d0 pc=0x681ac8
github.com/mdlayher/socket.(*Conn).Recvmsg(0x40005901c0, {0xd83fa0, 0x1567ba0}, {0x0, 0x0, 0x0}, {0x0, 0x0, 0x0}, 0x22)
	github.com/mdlayher/socket@v0.6.0/conn.go:572 +0xe0 fp=0x40005f2a20 sp=0x40005f2980 pc=0x67d0c0
github.com/mdlayher/netlink.(*conn).getBuffer(0x40005f2c08?)
	github.com/mdlayher/netlink@v1.11.1/conn_linux.go:158 +0xf4 fp=0x40005f2ab0 sp=0x40005f2a20 pc=0x688f94
github.com/mdlayher/netlink.(*conn).ReceiveIter.func1(0x4000797890)
	github.com/mdlayher/netlink@v1.11.1/conn_linux.go:184 +0x38 fp=0x40005f2be0 sp=0x40005f2ab0 pc=0x689238
github.com/mdlayher/netlink.(*Conn).lockedReceive.(*Conn).lockedReceiveIter.func3(...)
	github.com/mdlayher/netlink@v1.11.1/conn.go:316
github.com/mdlayher/netlink.(*Conn).lockedReceive(0x4000590240)
	github.com/mdlayher/netlink@v1.11.1/conn.go:273 +0x1e0 fp=0x40005f2c60 sp=0x40005f2be0 pc=0x686270
github.com/mdlayher/netlink.(*Conn).Receive(0x4000590240)
	github.com/mdlayher/netlink@v1.11.1/conn.go:234 +0x68 fp=0x40005f2cd0 sp=0x40005f2c60 pc=0x6856c8
github.com/florianl/go-nflog/v2.(*Nflog).RegisterWithErrorFunc.func1()
	github.com/florianl/go-nflog/v2@v2.3.0/nflog.go:240 +0xf0 fp=0x40005f2fd0 sp=0x40005f2cd0 pc=0x68f210
runtime.goexit({})
	runtime/asm_arm64.s:1268 +0x4 fp=0x40005f2fd0 sp=0x40005f2fd0 pc=0x920c4
created by github.com/florianl/go-nflog/v2.(*Nflog).RegisterWithErrorFunc in goroutine 3975
	github.com/florianl/go-nflog/v2@v2.3.0/nflog.go:214 +0x70c

goroutine 3917 gp=0x4000afc380 m=nil [sync.Mutex.Lock, 2 minutes]:
runtime.gopark(0x40006af1d8?, 0x351d38?, 0xc0?, 0xed?, 0x0?)
	runtime/proc.go:460 +0xc0 fp=0x40006af1a0 sp=0x40006af180 pc=0x8a190
runtime.goparkunlock(...)
	runtime/proc.go:466
runtime.semacquire1(0x400000e024, 0x0, 0x3, 0x2, 0x16)
	runtime/sema.go:192 +0x204 fp=0x40006af1f0 sp=0x40006af1a0 pc=0x6ab44
internal/sync.runtime_SemacquireMutex(0x0?, 0x0?, 0x40006af340?)
	runtime/sema.go:95 +0x28 fp=0x40006af230 sp=0x40006af1f0 pc=0x8ba68
internal/sync.(*Mutex).lockSlow(0x400000e020)
	internal/sync/mutex.go:149 +0x170 fp=0x40006af280 sp=0x40006af230 pc=0x9b390
internal/sync.(*Mutex).Lock(...)
	internal/sync/mutex.go:70
sync.(*Mutex).Lock(...)
	sync/mutex.go:46
github.com/tonylturner/containd/pkg/cp/config.(*SQLiteStore).Commit(0x400000e018, {0xd84010, 0x4000898aa0})
	github.com/tonylturner/containd/pkg/cp/config/store.go:276 +0x90 fp=0x40006af320 sp=0x40006af280 pc=0x4fd6d0
github.com/tonylturner/containd/api/http.NewServerWithEngineAndServices.commitConfigHandler.func50(0x400091f100)
	github.com/tonylturner/containd/api/http/server.go:483 +0x70 fp=0x40006af3f0 sp=0x40006af320 pc=0x934ff0
github.com/gin-gonic/gin.(*Context).Next(0x400091f100)
	github.com/gin-gonic/gin@v1.9.1/context.go:174 +0x38 fp=0x40006af410 sp=0x40006af3f0 pc=0x84cd58
github.com/tonylturner/containd/api/http.NewServerWithEngineAndServices.requireAdmin.func49(0x400091f100)
	github.com/tonylturner/containd/api/http/auth.go:313 +0x80 fp=0x40006af440 sp=0x40006af410 pc=0x945480
github.com/gin-gonic/gin.(*Context).Next(...)
	github.com/gin-gonic/gin@v1.9.1/context.go:174
github.com/tonylturner/containd/api/http.handleLabAuth(0x400091f100, {0xd90f58, 0x4000692070}, {0x1, {0x400003a035, 0x8}, {0x0, 0x0}, {0x1567ba0, 0x0, ...}})
	github.com/tonylturner/containd/api/http/auth.go:90 +0x178 fp=0x40006af480 sp=0x40006af440 pc=0x90b848
github.com/tonylturner/containd/api/http.authMiddleware.func1(0x4000386510?)
	github.com/tonylturner/containd/api/http/auth.go:57 +0x7c fp=0x40006af4f0 sp=0x40006af480 pc=0x90b6ac
github.com/gin-gonic/gin.(*Context).Next(...)
	github.com/gin-gonic/gin@v1.9.1/context.go:174
github.com/tonylturner/containd/api/http.enforceSameOriginOnCookieAuth.func1(0x400091f100)
	github.com/tonylturner/containd/api/http/util.go:158 +0x57c fp=0x40006af550 sp=0x40006af4f0 pc=0x941b8c
github.com/gin-gonic/gin.(*Context).Next(0x400091f100)
	github.com/gin-gonic/gin@v1.9.1/context.go:174 +0x38 fp=0x40006af570 sp=0x40006af550 pc=0x84cd58
github.com/tonylturner/containd/api/http.NewServerWithEngineAndServices.limitRequestBody.func3(0x400091f100)
	github.com/tonylturner/containd/api/http/util.go:140 +0x1ec fp=0x40006af5d0 sp=0x40006af570 pc=0x9396fc
github.com/gin-gonic/gin.(*Context).Next(0x400091f100)
	github.com/gin-gonic/gin@v1.9.1/context.go:174 +0x38 fp=0x40006af5f0 sp=0x40006af5d0 pc=0x84cd58
github.com/tonylturner/containd/api/http.NewServerWithEngineAndServices.withAuditStore.func2(0x400091f100?)
	github.com/tonylturner/containd/api/http/server.go:708 +0xb8 fp=0x40006af630 sp=0x40006af5f0 pc=0x939838
github.com/gin-gonic/gin.(*Context).Next(...)
	github.com/gin-gonic/gin@v1.9.1/context.go:174
github.com/tonylturner/containd/api/http.NewServerWithEngineAndServices.func1(0x400091f100)
	github.com/tonylturner/containd/api/http/server.go:171 +0xac fp=0x40006af670 sp=0x40006af630 pc=0x942e7c
github.com/gin-gonic/gin.(*Context).Next(...)
	github.com/gin-gonic/gin@v1.9.1/context.go:174
github.com/gin-gonic/gin.CustomRecoveryWithWriter.func1(0x400091f100)
	github.com/gin-gonic/gin@v1.9.1/recovery.go:102 +0x68 fp=0x40006af6c0 sp=0x40006af670 pc=0x857c88
github.com/gin-gonic/gin.(*Context).Next(...)
	github.com/gin-gonic/gin@v1.9.1/context.go:174
github.com/gin-gonic/gin.LoggerWithConfig.func1(0x400091f100)
	github.com/gin-gonic/gin@v1.9.1/logger.go:240 +0xa0 fp=0x40006af890 sp=0x40006af6c0 pc=0x857080
github.com/gin-gonic/gin.(*Context).Next(...)
	github.com/gin-gonic/gin@v1.9.1/context.go:174
github.com/gin-gonic/gin.(*Engine).handleHTTPRequest(0x40004164e0, 0x400091f100)
	github.com/gin-gonic/gin@v1.9.1/gin.go:620 +0x4bc fp=0x40006af9b0 sp=0x40006af890 pc=0x8566fc
github.com/gin-gonic/gin.(*Engine).ServeHTTP(0x40004164e0, {0xd82a40, 0x40007a0a50}, 0x400059b400)
	github.com/gin-gonic/gin@v1.9.1/gin.go:576 +0x154 fp=0x40006af9f0 sp=0x40006af9b0 pc=0x8560d4
github.com/tonylturner/containd/pkg/app/mgmt.Run.mgmtAccessHandler.func2({0xd82a40, 0x40007a0a50}, 0x400059b400)
	github.com/tonylturner/containd/pkg/app/mgmt/http_support.go:180 +0x13c fp=0x40006afa70 sp=0x40006af9f0 pc=0x984c5c
net/http.HandlerFunc.ServeHTTP(0x400007c808?, {0xd82a40?, 0x40007a0a50?}, 0x2aa8c?)
	net/http/server.go:2322 +0x38 fp=0x40006afaa0 sp=0x40006afa70 pc=0x2ec668
github.com/tonylturner/containd/pkg/app/mgmt.hstsHandler.func1({0xd82a40?, 0x40007a0a50?}, 0x40001301d8?)
	github.com/tonylturner/containd/pkg/app/mgmt/tls_support.go:58 +0x12c fp=0x40006afb10 sp=0x40006afaa0 pc=0x98ac4c
net/http.HandlerFunc.ServeHTTP(0x0?, {0xd82a40?, 0x40007a0a50?}, 0x40005c6b50?)
	net/http/server.go:2322 +0x38 fp=0x40006afb40 sp=0x40006afb10 pc=0x2ec668
net/http.serverHandler.ServeHTTP({0x400056e440?}, {0xd82a40?, 0x40007a0a50?}, 0x1?)
	net/http/server.go:3340 +0xb0 fp=0x40006afb70 sp=0x40006afb40 pc=0x309890
net/http.(*conn).serve(0x4000afec60, {0xd83fd8, 0x40004af740})
	net/http/server.go:2109 +0x528 fp=0x40006affa0 sp=0x40006afb70 pc=0x2eaa58
net/http.(*Server).Serve.gowrap3()
	net/http/server.go:3493 +0x2c fp=0x40006affd0 sp=0x40006affa0 pc=0x2efd9c
runtime.goexit({})
	runtime/asm_arm64.s:1268 +0x4 fp=0x40006affd0 sp=0x40006affd0 pc=0x920c4
created by net/http.(*Server).Serve in goroutine 32
	net/http/server.go:3493 +0x384

goroutine 3958 gp=0x4000afc540 m=nil [IO wait]:
runtime.gopark(0x40003bb8f8?, 0x111728?, 0x40?, 0x0?, 0x1b?)
	runtime/proc.go:460 +0xc0 fp=0x40003bb8d0 sp=0x40003bb8b0 pc=0x8a190
runtime.netpollblock(0x0?, 0xffffffff?, 0xff?)
	runtime/netpoll.go:575 +0x150 fp=0x40003bb910 sp=0x40003bb8d0 pc=0x4f320
internal/poll.runtime_pollWait(0xffffa1454400, 0x72)
	runtime/netpoll.go:351 +0xa0 fp=0x40003bb940 sp=0x40003bb910 pc=0x89380
internal/poll.(*pollDesc).wait(0x4000049680?, 0x4000b84000?, 0x0)
	internal/poll/fd_poll_runtime.go:84 +0x28 fp=0x40003bb970 sp=0x40003bb940 pc=0x10e9a8
internal/poll.(*pollDesc).waitRead(...)
	internal/poll/fd_poll_runtime.go:89
internal/poll.(*FD).Read(0x4000049680, {0x4000b84000, 0x1000, 0x1000})
	internal/poll/fd_unix.go:165 +0x1e0 fp=0x40003bba10 sp=0x40003bb970 pc=0x10fbc0
net.(*netFD).Read(0x4000049680, {0x4000b84000?, 0x40003bbaa8?, 0x2e5e6c?})
	net/fd_posix.go:68 +0x28 fp=0x40003bba60 sp=0x40003bba10 pc=0x1c8d28
net.(*conn).Read(0x400071e0b0, {0x4000b84000?, 0x72?, 0x0?})
	net/net.go:196 +0x34 fp=0x40003bbab0 sp=0x40003bba60 pc=0x1d72f4
net/http.(*connReader).Read(0x400021b6c0, {0x4000b84000, 0x1000, 0x1000})
	net/http/server.go:812 +0x230 fp=0x40003bbb10 sp=0x40003bbab0 pc=0x2e6070
bufio.(*Reader).fill(0x4000af0240)
	bufio/bufio.go:113 +0xe0 fp=0x40003bbb50 sp=0x40003bbb10 pc=0x2709c0
bufio.(*Reader).Peek(0x4000af0240, 0x4)
	bufio/bufio.go:152 +0x58 fp=0x40003bbb70 sp=0x40003bbb50 pc=0x270b08
net/http.(*conn).serve(0x4000afe5a0, {0xd83fd8, 0x400046d4d0})
	net/http/server.go:2145 +0x654 fp=0x40003bbfa0 sp=0x40003bbb70 pc=0x2eab84
net/http.(*Server).Serve.gowrap3()
	net/http/server.go:3493 +0x2c fp=0x40003bbfd0 sp=0x40003bbfa0 pc=0x2efd9c
runtime.goexit({})
	runtime/asm_arm64.s:1268 +0x4 fp=0x40003bbfd0 sp=0x40003bbfd0 pc=0x920c4
created by net/http.(*Server).Serve in goroutine 41
	net/http/server.go:3493 +0x384

r0      0x15412d0
r1      0x80
r2      0x0
r3      0x0
r4      0x0
r5      0x0
r6      0x4
r7      0x0
r8      0x62
r9      0x18
r10     0xe7d2fd0a5ef00
r11     0xffffffffffffff
r12     0x105189949eef
r13     0xd8d3a86
r14     0x0
r15     0x0
r16     0xfffff5d9c0e0
r17     0x40000d80e0
r18     0x0
r19     0x0
r20     0xfffff5dabb70
r21     0x1541180
r22     0x4000004000
r23     0x6f6c20796c746e65
r24     0xc3c0e8
r25     0x4
r26     0xc39a08
r27     0x1512000
r28     0x153f360
r29     0xfffff5dabb58
lr      0x50098
sp      0xfffff5dabb60
pc      0x9353c
fault   0x0
